Time Stamp,ID,Extended,Dir,Bus,LEN,D1,D2,D3,D4,D5,D6,D7,D8
7700,00000514,false,Rx,0,8,00,08,78,00,0C,2B,CB,80,
27700,00000514,false,Rx,0,8,00,08,78,00,0C,2B,CD,80,
47700,00000514,false,Rx,0,8,00,08,78,00,0C,2B,CF,80,
67700,00000514,false,Rx,0,8,00,08,78,00,0C,2B,C1,80,
87700,00000514,false,Rx,0,8,00,08,78,00,0C,2B,C3,80,
107700,00000514,false,Rx,0,8,00,08,78,00,0C,2B,C5,80,
127700,00000514,false,Rx,0,8,00,08,78,00,0C,2B,C7,80,
147800,00000514,false,Rx,0,8,00,08,78,00,0C,2B,C9,80,
167700,00000514,false,Rx,0,8,00,08,78,00,0C,2B,CB,80,
187700,00000514,false,Rx,0,8,00,08,78,00,0C,2B,CD,80,
207700,00000514,false,Rx,0,8,00,08,78,00,0C,2B,CF,80,
227800,00000514,false,Rx,0,8,00,08,78,00,0C,2B,C1,80,
247800,00000514,false,Rx,0,8,00,08,78,00,0C,2B,C3,80,
267800,00000514,false,Rx,0,8,00,08,78,00,0C,2B,C5,80,
287700,00000514,false,Rx,0,8,00,08,78,00,0C,2B,C7,80,
307700,00000514,false,Rx,0,8,00,08,78,00,0C,2B,C9,80,
327800,00000514,false,Rx,0,8,00,08,78,00,0C,2B,CB,80,
347800,00000514,false,Rx,0,8,00,08,78,00,0C,2B,CD,80,
367800,00000514,false,Rx,0,8,00,08,78,00,0C,2B,CF,80,
387800,00000514,false,Rx,0,8,00,08,78,00,4C,2B,C1,80,
407800,00000514,false,Rx,0,8,00,08,78,00,4C,2B,C3,80,
427800,00000514,false,Rx,0,8,00,08,78,00,CC,2A,C5,80,
447800,00000514,false,Rx,0,8,00,08,78,00,CC,2A,C7,80,
467800,00000514,false,Rx,0,8,00,08,78,00,0C,2B,C9,80,
487800,00000514,false,Rx,0,8,00,08,78,00,0C,2B,CB,80,
507800,00000514,false,Rx,0,8,00,08,78,00,0C,2B,CD,80,
527800,00000514,false,Rx,0,8,00,08,78,00,0C,2B,CF,80,
547800,00000514,false,Rx,0,8,00,08,78,00,0C,2B,C1,80,
567800,00000514,false,Rx,0,8,00,08,78,00,0C,2B,C3,80,
587800,00000514,false,Rx,0,8,00,08,78,00,CC,2A,C5,80,
607800,00000514,false,Rx,0,8,00,08,78,00,CC,2A,C7,80,
627800,00000514,false,Rx,0,8,00,08,78,00,0C,2B,C9,80,
647800,00000514,false,Rx,0,8,00,08,78,00,0C,2B,CB,80,
667800,00000514,false,Rx,0,8,00,08,78,00,0C,2B,CD,80,
687800,00000514,false,Rx,0,8,00,08,78,00,0C,2B,CF,80,
707900,00000514,false,Rx,0,8,00,08,78,00,0C,2B,C1,80,
727900,00000514,false,Rx,0,8,00,08,78,00,0C,2B,C3,80,
747800,00000514,false,Rx,0,8,00,08,78,00,0C,2B,C5,80,
767800,00000514,false,Rx,0,8,00,08,78,00,0C,2B,C7,80,
787900,00000514,false,Rx,0,8,00,08,78,00,CC,2A,C9,80,
807900,00000514,false,Rx,0,8,00,08,78,00,CC,2A,CB,80,
827900,00000514,false,Rx,0,8,00,08,78,00,0C,2B,CD,80,
847900,00000514,false,Rx,0,8,00,08,78,00,0C,2B,CF,80,
867900,00000514,false,Rx,0,8,00,08,78,00,0C,2B,C1,80,
887900,00000514,false,Rx,0,8,00,08,78,00,0C,2B,C3,80,
907900,00000514,false,Rx,0,8,00,08,78,00,0C,2B,C5,80,
927900,00000514,false,Rx,0,8,00,08,78,00,0C,2B,C7,80,
947900,00000514,false,Rx,0,8,00,08,78,00,0C,2B,C9,80,
967900,00000514,false,Rx,0,8,00,08,78,00,0C,2B,CB,80,
987900,00000514,false,Rx,0,8,00,08,78,00,0C,2B,CD,80,
1007900,00000514,false,Rx,0,8,00,08,78,00,0C,2B,CF,80,
1027900,00000514,false,Rx,0,8,00,08,78,00,0C,2B,C1,80,
1047900,00000514,false,Rx,0,8,00,08,78,00,0C,2B,C3,80,
1068000,00000514,false,Rx,0,8,00,08,78,00,0C,2B,C5,80,
1088100,00000514,false,Rx,0,8,00,08,78,00,0C,2B,C7,80,
1108100,00000514,false,Rx,0,8,00,08,78,00,CC,2A,C9,80,
1127900,00000514,false,Rx,0,8,00,08,78,00,CC,2A,CB,80,
1147900,00000514,false,Rx,0,8,00,08,78,00,0C,2B,CD,80,
1167900,00000514,false,Rx,0,8,00,08,78,00,0C,2B,CF,80,
1187900,00000514,false,Rx,0,8,00,08,78,00,0C,2B,C1,80,
1207900,00000514,false,Rx,0,8,00,08,78,00,0C,2B,C3,80,
1227900,00000514,false,Rx,0,8,00,08,78,00,0C,2B,C5,80,
1247900,00000514,false,Rx,0,8,00,08,78,00,0C,2B,C7,80,
1267900,00000514,false,Rx,0,8,00,08,78,00,0C,2B,C9,80,
1287900,00000514,false,Rx,0,8,00,08,78,00,0C,2B,CB,80,
1308000,00000514,false,Rx,0,8,00,08,78,00,0C,2B,CD,80,
1327900,00000514,false,Rx,0,8,00,08,78,00,0C,2B,CF,80,
1347900,00000514,false,Rx,0,8,00,08,78,00,0C,2B,C1,80,
1367900,00000514,false,Rx,0,8,00,08,78,00,0C,2B,C3,80,
1388000,00000514,false,Rx,0,8,00,08,78,00,0C,2B,C5,80,
1408000,00000514,false,Rx,0,8,00,08,78,00,0C,2B,C7,80,
1428000,00000514,false,Rx,0,8,00,08,78,00,0C,2B,C9,80,
1448000,00000514,false,Rx,0,8,00,08,78,00,0C,2B,CB,80,
1468000,00000514,false,Rx,0,8,00,08,78,00,CC,2A,CD,80,
1488000,00000514,false,Rx,0,8,00,08,78,00,CC,2A,CF,80,
1508000,00000514,false,Rx,0,8,00,08,78,00,0C,2B,C1,80,
1528000,00000514,false,Rx,0,8,00,08,78,00,0C,2B,C3,80,
1548000,00000514,false,Rx,0,8,00,08,78,00,4C,2B,C5,80,
1568000,00000514,false,Rx,0,8,00,08,78,00,4C,2B,C7,80,
1588000,00000514,false,Rx,0,8,00,08,78,00,0C,2B,C9,80,
1608000,00000514,false,Rx,0,8,00,08,78,00,0C,2B,CB,80,
1628000,00000514,false,Rx,0,8,00,08,78,00,0C,2B,CD,80,
1648000,00000514,false,Rx,0,8,00,08,78,00,0C,2B,CF,80,
1668000,00000514,false,Rx,0,8,00,08,78,00,0C,2B,C1,80,
1688000,00000514,false,Rx,0,8,00,08,78,00,0C,2B,C3,80,
1708000,00000514,false,Rx,0,8,00,08,78,00,0C,2B,C5,80,
1728000,00000514,false,Rx,0,8,00,08,78,00,0C,2B,C7,80,
1748000,00000514,false,Rx,0,8,00,08,78,00,CC,2A,C9,80,
1768100,00000514,false,Rx,0,8,00,08,78,00,CC,2A,CB,80,
1788000,00000514,false,Rx,0,8,00,08,78,00,0C,2B,CD,80,
1808000,00000514,false,Rx,0,8,00,08,78,00,0C,2B,CF,80,
1828000,00000514,false,Rx,0,8,00,08,78,00,0C,2B,C1,80,
1848100,00000514,false,Rx,0,8,00,08,78,00,0C,2B,C3,80,
1868100,00000514,false,Rx,0,8,00,08,78,00,4C,2B,C5,80,
1888100,00000514,false,Rx,0,8,00,08,78,00,4C,2B,C7,80,
1908000,00000514,false,Rx,0,8,00,08,78,00,0C,2B,C9,80,
1928100,00000514,false,Rx,0,8,00,08,78,00,0C,2B,CB,80,
1948100,00000514,false,Rx,0,8,00,08,78,00,CC,2A,CD,80,
1968100,00000514,false,Rx,0,8,00,08,78,00,CC,2A,CF,80,
1988100,00000514,false,Rx,0,8,00,08,78,00,0C,2B,C1,80,
2008000,00000514,false,Rx,0,8,00,08,78,00,0C,2B,C3,80,
2028100,00000514,false,Rx,0,8,00,08,78,00,CC,2A,C5,80,
2048100,00000514,false,Rx,0,8,00,08,78,00,CC,2A,C7,80,
2068100,00000514,false,Rx,0,8,00,08,78,00,0C,2B,C9,80,
2088100,00000514,false,Rx,0,8,00,08,78,00,0C,2B,CB,80,
2108100,00000514,false,Rx,0,8,00,08,78,00,0C,2B,CD,80,
2128100,00000514,false,Rx,0,8,00,08,78,00,0C,2B,CF,80,
2148100,00000514,false,Rx,0,8,00,08,78,00,0C,2B,C1,80,
2168100,00000514,false,Rx,0,8,00,08,78,00,0C,2B,C3,80,
2188100,00000514,false,Rx,0,8,00,08,78,00,0C,2B,C5,80,
2208100,00000514,false,Rx,0,8,00,08,78,00,0C,2B,C7,80,
2228100,00000514,false,Rx,0,8,00,08,78,00,0C,2B,C9,80,
2248100,00000514,false,Rx,0,8,00,08,78,00,0C,2B,CB,80,
2268100,00000514,false,Rx,0,8,00,08,78,00,0C,2B,CD,80,
2288100,00000514,false,Rx,0,8,00,08,78,00,0C,2B,CF,80,
2308100,00000514,false,Rx,0,8,00,08,78,00,0C,2B,C1,80,
2328100,00000514,false,Rx,0,8,00,08,78,00,0C,2B,C3,80,
2348100,00000514,false,Rx,0,8,00,08,78,00,CC,2A,C5,80,
2368100,00000514,false,Rx,0,8,00,08,78,00,CC,2A,C7,80,
2388100,00000514,false,Rx,0,8,00,08,78,00,CC,2A,C9,80,
2408200,00000514,false,Rx,0,8,00,08,78,00,CC,2A,CB,80,
2428200,00000514,false,Rx,0,8,00,08,78,00,0C,2B,CD,80,
2448200,00000514,false,Rx,0,8,00,08,78,00,0C,2B,CF,80,
2468200,00000514,false,Rx,0,8,00,08,78,00,CC,2A,C1,80,
2488200,00000514,false,Rx,0,8,00,08,78,00,CC,2A,C3,80,
2508200,00000514,false,Rx,0,8,00,08,78,00,0C,2B,C5,80,
2528200,00000514,false,Rx,0,8,00,08,78,00,0C,2B,C7,80,
2548200,00000514,false,Rx,0,8,00,08,78,00,0C,2B,C9,80,
2568200,00000514,false,Rx,0,8,00,08,78,00,0C,2B,CB,80,
2588200,00000514,false,Rx,0,8,00,08,78,00,CC,2A,CD,80,
2608200,00000514,false,Rx,0,8,00,08,78,00,CC,2A,CF,80,
2628200,00000514,false,Rx,0,8,00,08,78,00,0C,2B,C1,80,
2648200,00000514,false,Rx,0,8,00,08,78,00,0C,2B,C3,80,
2668200,00000514,false,Rx,0,8,00,08,78,00,0C,2B,C5,80,
2688200,00000514,false,Rx,0,8,00,08,78,00,0C,2B,C7,80,
2708200,00000514,false,Rx,0,8,00,08,78,00,4C,2B,C9,80,
2728200,00000514,false,Rx,0,8,00,08,78,00,4C,2B,CB,80,
2748200,00000514,false,Rx,0,8,00,08,78,00,0C,2B,4D,80,
2768200,00000514,false,Rx,0,8,00,08,78,00,0C,2B,4F,80,
2788200,00000514,false,Rx,0,8,00,08,78,00,0C,2B,41,80,
2808200,00000514,false,Rx,0,8,00,08,78,00,0C,2B,43,80,
2828200,00000514,false,Rx,0,8,00,08,78,00,0C,2B,45,80,
2848200,00000514,false,Rx,0,8,00,08,78,00,0C,2B,47,80,
2868200,00000514,false,Rx,0,8,00,08,78,00,0C,2B,49,80,
2888200,00000514,false,Rx,0,8,00,08,78,00,0C,2B,4B,80,
2908200,00000514,false,Rx,0,8,00,08,78,00,CC,2A,4D,80,
2928300,00000514,false,Rx,0,8,00,08,78,00,CC,2A,4F,80,
2948200,00000514,false,Rx,0,8,00,08,78,00,0C,2B,41,80,
2968200,00000514,false,Rx,0,8,00,08,78,00,0C,2B,43,80,
2988200,00000514,false,Rx,0,8,00,08,78,00,0C,2B,45,80,
3008300,00000514,false,Rx,0,8,00,08,78,00,0C,2B,47,80,
3028300,00000514,false,Rx,0,8,00,08,78,00,0C,2B,49,80,
3048300,00000514,false,Rx,0,8,00,08,78,00,0C,2B,4B,80,
3068200,00000514,false,Rx,0,8,00,08,78,00,0C,2B,4D,80,
3088300,00000514,false,Rx,0,8,00,08,78,00,0C,2B,4F,80,
3108300,00000514,false,Rx,0,8,00,08,78,00,CC,2A,41,80,
3128300,00000514,false,Rx,0,8,00,08,78,00,CC,2A,43,80,
3148300,00000514,false,Rx,0,8,00,08,78,00,0C,2B,45,80,
3168300,00000514,false,Rx,0,8,00,08,78,00,0C,2B,47,80,
3188300,00000514,false,Rx,0,8,00,08,78,00,CC,2A,49,80,
3208300,00000514,false,Rx,0,8,00,08,78,00,CC,2A,4B,80,
3228300,00000514,false,Rx,0,8,00,08,78,00,4C,2B,4D,80,
3248300,00000514,false,Rx,0,8,00,08,78,00,4C,2B,4F,80,
3268300,00000514,false,Rx,0,8,00,08,78,00,0C,2B,41,80,
3288300,00000514,false,Rx,0,8,00,08,78,00,0C,2B,43,80,
3308300,00000514,false,Rx,0,8,00,08,78,00,CC,2A,45,80,
3328300,00000514,false,Rx,0,8,00,08,78,00,CC,2A,47,80,
3348300,00000514,false,Rx,0,8,00,08,78,00,0C,2B,49,80,
3368300,00000514,false,Rx,0,8,00,08,78,00,0C,2B,4B,80,
3388300,00000514,false,Rx,0,8,00,08,78,00,0C,2B,4D,80,
3408300,00000514,false,Rx,0,8,00,08,78,00,0C,2B,4F,80,
3428300,00000514,false,Rx,0,8,00,08,78,00,0C,2B,41,80,
3448300,00000514,false,Rx,0,8,00,08,78,00,0C,2B,43,80,
3468400,00000514,false,Rx,0,8,00,08,78,00,0C,2B,45,80,
3488400,00000514,false,Rx,0,8,00,08,78,00,0C,2B,47,80,
3508400,00000514,false,Rx,0,8,00,08,78,00,0C,2B,49,80,
3528300,00000514,false,Rx,0,8,00,08,78,00,0C,2B,4B,80,
3548400,00000514,false,Rx,0,8,00,08,78,00,0C,2B,4D,80,
3568400,00000514,false,Rx,0,8,00,08,78,00,0C,2B,4F,80,
3588400,00000514,false,Rx,0,8,00,08,78,00,0C,2B,41,80,
3608400,00000514,false,Rx,0,8,00,08,78,00,0C,2B,43,80,
3628400,00000514,false,Rx,0,8,00,08,78,00,CC,2A,45,80,
3648400,00000514,false,Rx,0,8,00,08,78,00,CC,2A,47,80,
3668400,00000514,false,Rx,0,8,00,08,78,00,CC,2A,49,80,
3688400,00000514,false,Rx,0,8,00,08,78,00,CC,2A,4B,80,
3708400,00000514,false,Rx,0,8,00,08,78,00,0C,2B,4D,80,
3728400,00000514,false,Rx,0,8,00,08,78,00,0C,2B,4F,80,
3748400,00000514,false,Rx,0,8,00,08,78,00,4C,2B,41,80,
3768400,00000514,false,Rx,0,8,00,08,78,00,4C,2B,43,80,
3788400,00000514,false,Rx,0,8,00,08,78,00,0C,2B,45,80,
3808400,00000514,false,Rx,0,8,00,08,78,00,0C,2B,47,80,
3828400,00000514,false,Rx,0,8,00,08,78,00,0C,2B,49,80,
3848400,00000514,false,Rx,0,8,00,08,78,00,0C,2B,4B,80,
3868400,00000514,false,Rx,0,8,00,08,78,00,0C,2B,4D,80,
3888400,00000514,false,Rx,0,8,00,08,78,00,0C,2B,4F,80,
3908400,00000514,false,Rx,0,8,00,08,78,00,0C,2B,41,80,
3928400,00000514,false,Rx,0,8,00,08,78,00,0C,2B,43,80,
3948400,00000514,false,Rx,0,8,00,08,78,00,CC,2A,45,80,
3968400,00000514,false,Rx,0,8,00,08,78,00,CC,2A,47,80,
3988400,00000514,false,Rx,0,8,00,08,78,00,0C,2B,49,80,
4008400,00000514,false,Rx,0,8,00,08,78,00,0C,2B,4B,80,
4028400,00000514,false,Rx,0,8,00,08,78,00,0C,2B,4D,80,
4048400,00000514,false,Rx,0,8,00,08,78,00,0C,2B,4F,80,
4068500,00000514,false,Rx,0,8,00,08,78,00,4C,2B,41,80,
4088500,00000514,false,Rx,0,8,00,08,78,00,4C,2B,43,80,
4108399,00000514,false,Rx,0,8,00,08,78,00,0C,2B,45,80,
4128399,00000514,false,Rx,0,8,00,08,78,00,0C,2B,47,80,
4148399,00000514,false,Rx,0,8,00,08,78,00,0C,2B,49,80,
4168500,00000514,false,Rx,0,8,00,08,78,00,0C,2B,4B,80,
4188500,00000514,false,Rx,0,8,00,08,78,00,0C,2B,4D,80,
4208500,00000514,false,Rx,0,8,00,08,78,00,0C,2B,4F,80,
4228400,00000514,false,Rx,0,8,00,08,78,00,0C,2B,41,80,
4248500,00000514,false,Rx,0,8,00,08,78,00,0C,2B,43,80,
4268500,00000514,false,Rx,0,8,00,08,78,00,CC,2A,45,80,
4288500,00000514,false,Rx,0,8,00,08,78,00,CC,2A,47,80,
4308500,00000514,false,Rx,0,8,00,08,78,00,0C,2B,49,80,
4328500,00000514,false,Rx,0,8,00,08,78,00,0C,2B,4B,80,
4348500,00000514,false,Rx,0,8,00,08,78,00,0C,2B,4D,80,
4368500,00000514,false,Rx,0,8,00,08,78,00,0C,2B,4F,80,
4388500,00000514,false,Rx,0,8,00,08,78,00,0C,2B,41,80,
4408500,00000514,false,Rx,0,8,00,08,78,00,0C,2B,43,80,
4428500,00000514,false,Rx,0,8,00,08,78,00,0C,2B,45,80,
4448500,00000514,false,Rx,0,8,00,08,78,00,0C,2B,47,80,
4468500,00000514,false,Rx,0,8,00,08,78,00,CC,2A,49,80,
4488500,00000514,false,Rx,0,8,00,08,78,00,CC,2A,4B,80,
4508500,00000514,false,Rx,0,8,00,08,78,00,0C,2B,4D,80,
4528500,00000514,false,Rx,0,8,00,08,78,00,0C,2B,4F,80,
4548600,00000514,false,Rx,0,8,00,08,78,00,CC,2A,41,80,
4568500,00000514,false,Rx,0,8,00,08,78,00,CC,2A,43,80,
4588500,00000514,false,Rx,0,8,00,08,78,00,0C,2B,45,80,
4608500,00000514,false,Rx,0,8,00,08,78,00,0C,2B,47,80,
4628600,00000514,false,Rx,0,8,00,08,78,00,0C,2B,49,80,
4648600,00000514,false,Rx,0,8,00,08,78,00,0C,2B,4B,80,
4668600,00000514,false,Rx,0,8,00,08,78,00,0C,2B,4D,80,
4688500,00000514,false,Rx,0,8,00,08,78,00,0C,2B,4F,80,
4708600,00000514,false,Rx,0,8,00,08,78,00,0C,2B,41,80,
4728600,00000514,false,Rx,0,8,00,08,78,00,0C,2B,43,80,
4748600,00000514,false,Rx,0,8,00,08,78,00,0C,2B,45,80,
4768600,00000514,false,Rx,0,8,00,08,78,00,0C,2B,47,80,
4788600,00000514,false,Rx,0,8,00,08,78,00,CC,2A,49,80,
4808600,00000514,false,Rx,0,8,00,08,78,00,CC,2A,4B,80,
4828600,00000514,false,Rx,0,8,00,08,78,00,0C,2B,4D,80,
4848600,00000514,false,Rx,0,8,00,08,78,00,0C,2B,4F,80,
4868600,00000514,false,Rx,0,8,00,08,78,00,0C,2B,41,80,
4888600,00000514,false,Rx,0,8,00,08,78,00,0C,2B,43,80,
4908600,00000514,false,Rx,0,8,00,08,78,00,0C,2B,45,80,
4928600,00000514,false,Rx,0,8,00,08,78,00,0C,2B,47,80,
4948600,00000514,false,Rx,0,8,00,08,78,00,0C,2B,49,80,
4968600,00000514,false,Rx,0,8,00,08,78,00,0C,2B,4B,80,
4988600,00000514,false,Rx,0,8,00,08,78,00,CC,2A,4D,80,
5008600,00000514,false,Rx,0,8,00,08,78,00,CC,2A,4F,80,
5028600,00000514,false,Rx,0,8,00,08,78,00,0C,2B,41,80,
5048600,00000514,false,Rx,0,8,00,08,78,00,0C,2B,43,80,
5068600,00000514,false,Rx,0,8,00,08,78,00,0C,2B,45,80,
5088600,00000514,false,Rx,0,8,00,08,78,00,0C,2B,47,80,
5108600,00000514,false,Rx,0,8,00,08,78,00,0C,2B,49,80,
5128600,00000514,false,Rx,0,8,00,08,78,00,0C,2B,4B,80,
5148600,00000514,false,Rx,0,8,00,08,78,00,0C,2B,4D,80,
5168600,00000514,false,Rx,0,8,00,08,78,00,0C,2B,4F,80,
5188600,00000514,false,Rx,0,8,00,08,78,00,0C,2B,41,80,
5208600,00000514,false,Rx,0,8,00,08,78,00,0C,2B,43,80,
5228700,00000514,false,Rx,0,8,00,08,78,00,0C,2B,45,80,
5248700,00000514,false,Rx,0,8,00,08,78,00,0C,2B,47,80,
5268600,00000514,false,Rx,0,8,00,08,78,00,0C,2B,49,80,
5288600,00000514,false,Rx,0,8,00,08,78,00,0C,2B,4B,80,
5308700,00000514,false,Rx,0,8,00,08,78,00,0C,2B,4D,80,
5328700,00000514,false,Rx,0,8,00,08,78,00,0C,2B,4F,80,
5348700,00000514,false,Rx,0,8,00,08,78,00,0C,2B,41,80,
5368600,00000514,false,Rx,0,8,00,08,78,00,0C,2B,43,80,
5388700,00000514,false,Rx,0,8,00,08,78,00,0C,2B,45,80,
5408700,00000514,false,Rx,0,8,00,08,78,00,0C,2B,47,80,
5428700,00000514,false,Rx,0,8,00,08,78,00,0C,2B,49,80,
5448700,00000514,false,Rx,0,8,00,08,78,00,0C,2B,4B,80,
5468900,00000514,false,Rx,0,8,00,08,78,00,0C,2B,4D,80,
5488900,00000514,false,Rx,0,8,00,08,78,00,0C,2B,4F,80,
5508700,00000514,false,Rx,0,8,00,08,78,00,0C,2B,41,80,
5528900,00000514,false,Rx,0,8,00,08,78,00,0C,2B,43,80,
5548900,00000514,false,Rx,0,8,00,08,78,00,0C,2B,45,80,
5568700,00000514,false,Rx,0,8,00,08,78,00,0C,2B,47,80,
5589000,00000514,false,Rx,0,8,00,08,78,00,0C,2B,49,80,
5609000,00000514,false,Rx,0,8,00,08,78,00,0C,2B,4B,80,
5628700,00000514,false,Rx,0,8,00,08,78,00,0C,2B,4D,80,
5648900,00000514,false,Rx,0,8,00,08,78,00,0C,2B,4F,80,
5669000,00000514,false,Rx,0,8,00,08,78,00,0C,2B,41,80,
5688900,00000514,false,Rx,0,8,00,08,78,00,0C,2B,43,80,
5708900,00000514,false,Rx,0,8,00,08,78,00,CC,2A,45,80,
5729000,00000514,false,Rx,0,8,00,08,78,00,CC,2A,47,80,
5749000,00000514,false,Rx,0,8,00,08,78,00,0C,2B,89,80,
5768900,00000514,false,Rx,0,8,00,08,78,00,0C,2B,8B,80,
5788900,00000514,false,Rx,0,8,00,08,78,00,0C,2B,8D,80,
5808900,00000514,false,Rx,0,8,00,08,78,00,0C,2B,8F,80,
5829000,00000514,false,Rx,0,8,00,08,78,00,0C,2B,81,80,
5848900,00000514,false,Rx,0,8,00,08,78,00,0C,2B,83,80,
5869000,00000514,false,Rx,0,8,00,08,78,00,0C,2B,85,80,
5889000,00000514,false,Rx,0,8,00,08,78,00,0C,2B,87,80,
5908900,00000514,false,Rx,0,8,00,08,78,00,CC,2A,89,80,
5929000,00000514,false,Rx,0,8,00,08,78,00,CC,2A,8B,80,
5948900,00000514,false,Rx,0,8,00,08,78,00,CC,2A,8D,80,
5968900,00000514,false,Rx,0,8,00,08,78,00,CC,2A,8F,80,
5989000,00000514,false,Rx,0,8,00,08,78,00,0C,2B,81,80,
6008900,00000514,false,Rx,0,8,00,08,78,00,0C,2B,83,80,
6028900,00000514,false,Rx,0,8,00,08,78,00,0C,2B,85,80,
6048900,00000514,false,Rx,0,8,00,08,78,00,0C,2B,87,80,
6068900,00000514,false,Rx,0,8,00,08,78,00,4C,2B,89,80,
6089000,00000514,false,Rx,0,8,00,08,78,00,4C,2B,8B,80,
6108900,00000514,false,Rx,0,8,00,08,78,00,0C,2B,8D,80,
6128900,00000514,false,Rx,0,8,00,08,78,00,0C,2B,8F,80,
6148900,00000514,false,Rx,0,8,00,08,78,00,0C,2B,81,80,
6168900,00000514,false,Rx,0,8,00,08,78,00,0C,2B,83,80,
6188900,00000514,false,Rx,0,8,00,08,78,00,0C,2B,85,80,
6208900,00000514,false,Rx,0,8,00,08,78,00,0C,2B,87,80,
6228900,00000514,false,Rx,0,8,00,08,78,00,0C,2B,89,80,
6249000,00000514,false,Rx,0,8,00,08,78,00,0C,2B,8B,80,
6268900,00000514,false,Rx,0,8,00,08,78,00,0C,2B,8D,80,
6288900,00000514,false,Rx,0,8,00,08,78,00,0C,2B,8F,80,
6308900,00000514,false,Rx,0,8,00,08,78,00,CC,2A,81,80,
6328900,00000514,false,Rx,0,8,00,08,78,00,CC,2A,83,80,
6348900,00000514,false,Rx,0,8,00,08,78,00,0C,2B,85,80,
6368900,00000514,false,Rx,0,8,00,08,78,00,0C,2B,87,80,
6388900,00000514,false,Rx,0,8,00,08,78,00,CC,2A,89,80,
6408900,00000514,false,Rx,0,8,00,08,78,00,CC,2A,8B,80,
6428900,00000514,false,Rx,0,8,00,08,78,00,0C,2B,8D,80,
6449000,00000514,false,Rx,0,8,00,08,78,00,0C,2B,8F,80,
6468900,00000514,false,Rx,0,8,00,08,78,00,0C,2B,81,80,
6488900,00000514,false,Rx,0,8,00,08,78,00,0C,2B,83,80,
6509000,00000514,false,Rx,0,8,00,08,78,00,4C,2B,85,80,
6528900,00000514,false,Rx,0,8,00,08,78,00,4C,2B,87,80,
6548900,00000514,false,Rx,0,8,00,08,78,00,0C,2B,89,80,
6568900,00000514,false,Rx,0,8,00,08,78,00,0C,2B,8B,80,
6588900,00000514,false,Rx,0,8,00,08,78,00,0C,2B,8D,80,
6609000,00000514,false,Rx,0,8,00,08,78,00,0C,2B,8F,80,
6628900,00000514,false,Rx,0,8,00,08,78,00,CC,2A,81,80,
6648900,00000514,false,Rx,0,8,00,08,78,00,CC,2A,83,80,
6668900,00000514,false,Rx,0,8,00,08,78,00,0C,2B,85,80,
6688900,00000514,false,Rx,0,8,00,08,78,00,0C,2B,87,80,
6708900,00000514,false,Rx,0,8,00,08,78,00,0C,2B,89,80,
6728900,00000514,false,Rx,0,8,00,08,78,00,0C,2B,8B,80,
6748900,00000514,false,Rx,0,8,00,08,78,00,0C,2B,8D,80,
6769000,00000514,false,Rx,0,8,00,08,78,00,0C,2B,8F,80,
6788900,00000514,false,Rx,0,8,00,08,78,00,0C,2B,81,80,
6808900,00000514,false,Rx,0,8,00,08,78,00,0C,2B,83,80,
6828900,00000514,false,Rx,0,8,00,08,78,00,0C,2B,85,80,
6849000,00000514,false,Rx,0,8,00,08,78,00,0C,2B,87,80,
6869000,00000514,false,Rx,0,8,00,08,78,00,0C,2B,89,80,
6888900,00000514,false,Rx,0,8,00,08,78,00,0C,2B,8B,80,
6908900,00000514,false,Rx,0,8,00,08,78,00,CC,2A,8D,80,
6929000,00000514,false,Rx,0,8,00,08,78,00,CC,2A,8F,80,
6949000,00000514,false,Rx,0,8,00,08,78,00,CC,2A,81,80,
6969000,00000514,false,Rx,0,8,00,08,78,00,CC,2A,83,80,
6988900,00000514,false,Rx,0,8,00,08,78,00,CC,2A,85,80,
7009000,00000514,false,Rx,0,8,00,08,78,00,CC,2A,87,80,
7029000,00000514,false,Rx,0,8,00,08,78,00,4C,2B,89,80,
7049000,00000514,false,Rx,0,8,00,08,78,00,4C,2B,8B,80,
7069000,00000514,false,Rx,0,8,00,08,78,00,0C,2B,8D,80,
7089000,00000514,false,Rx,0,8,00,08,78,00,0C,2B,8F,80,
7109000,00000514,false,Rx,0,8,00,08,78,00,0C,2B,81,80,
7129000,00000514,false,Rx,0,8,00,08,78,00,0C,2B,83,80,
7149000,00000514,false,Rx,0,8,00,08,78,00,0C,2B,85,80,
7169000,00000514,false,Rx,0,8,00,08,78,00,0C,2B,87,80,
7189000,00000514,false,Rx,0,8,00,08,78,00,CC,2A,89,80,
7209000,00000514,false,Rx,0,8,00,08,78,00,CC,2A,8B,80,
7229000,00000514,false,Rx,0,8,00,08,78,00,0C,2B,8D,80,
7249000,00000514,false,Rx,0,8,00,08,78,00,0C,2B,8F,80,
7269000,00000514,false,Rx,0,8,00,08,78,00,0C,2B,81,80,
7289000,00000514,false,Rx,0,8,00,08,78,00,0C,2B,83,80,
7309000,00000514,false,Rx,0,8,00,08,78,00,CC,2A,85,80,
7329000,00000514,false,Rx,0,8,00,08,78,00,CC,2A,87,80,
7349000,00000514,false,Rx,0,8,00,08,78,00,0C,2B,89,80,
7369000,00000514,false,Rx,0,8,00,08,78,00,0C,2B,8B,80,
7389000,00000514,false,Rx,0,8,00,08,78,00,0C,2B,8D,80,
7409100,00000514,false,Rx,0,8,00,08,78,00,0C,2B,8F,80,
7429100,00000514,false,Rx,0,8,00,08,78,00,0C,2B,81,80,
7449100,00000514,false,Rx,0,8,00,08,78,00,0C,2B,83,80,
7469100,00000514,false,Rx,0,8,00,08,78,00,0C,2B,85,80,
7489100,00000514,false,Rx,0,8,00,08,78,00,0C,2B,87,80,
7509100,00000514,false,Rx,0,8,00,08,78,00,CC,2A,89,80,
7529100,00000514,false,Rx,0,8,00,08,78,00,CC,2A,8B,80,
7549100,00000514,false,Rx,0,8,00,08,78,00,CC,2A,8D,80,
7569100,00000514,false,Rx,0,8,00,08,78,00,CC,2A,8F,80,
7589100,00000514,false,Rx,0,8,00,08,78,00,0C,2B,81,80,
7609100,00000514,false,Rx,0,8,00,08,78,00,0C,2B,83,80,
7629100,00000514,false,Rx,0,8,00,08,78,00,0C,2B,85,80,
7649100,00000514,false,Rx,0,8,00,08,78,00,0C,2B,87,80,
7669100,00000514,false,Rx,0,8,00,08,78,00,0C,2B,89,80,
7689100,00000514,false,Rx,0,8,00,08,78,00,0C,2B,8B,80,
7709100,00000514,false,Rx,0,8,00,08,78,00,0C,2B,8D,80,
7729100,00000514,false,Rx,0,8,00,08,78,00,0C,2B,8F,80,
7749100,00000514,false,Rx,0,8,00,08,78,00,0C,2B,81,80,
7769100,00000514,false,Rx,0,8,00,08,78,00,0C,2B,83,80,
7789100,00000514,false,Rx,0,8,00,08,78,00,0C,2B,85,80,
7809100,00000514,false,Rx,0,8,00,08,78,00,0C,2B,87,80,
7829200,00000514,false,Rx,0,8,00,08,78,00,0C,2B,89,80,
7849100,00000514,false,Rx,0,8,00,08,78,00,0C,2B,8B,80,
7869100,00000514,false,Rx,0,8,00,08,78,00,0C,2B,8D,80,
7889100,00000514,false,Rx,0,8,00,08,78,00,0C,2B,8F,80,
7909200,00000514,false,Rx,0,8,00,08,78,00,0C,2B,81,80,
7929100,00000514,false,Rx,0,8,00,08,78,00,0C,2B,83,80,
7949100,00000514,false,Rx,0,8,00,08,78,00,0C,2B,85,80,
7969100,00000514,false,Rx,0,8,00,08,78,00,0C,2B,87,80,
7989100,00000514,false,Rx,0,8,00,08,78,00,4C,2B,89,80,
8009200,00000514,false,Rx,0,8,00,08,78,00,4C,2B,8B,80,
8029200,00000514,false,Rx,0,8,00,08,78,00,0C,2B,8D,80,
8049100,00000514,false,Rx,0,8,00,08,78,00,0C,2B,8F,80,
8069100,00000514,false,Rx,0,8,00,08,78,00,0C,2B,81,80,
8089200,00000514,false,Rx,0,8,00,08,78,00,0C,2B,83,80,
8109200,00000514,false,Rx,0,8,00,08,78,00,0C,2B,85,80,
8129200,00000514,false,Rx,0,8,00,08,78,00,0C,2B,87,80,
8149100,00000514,false,Rx,0,8,00,08,78,00,0C,2B,89,80,
8169200,00000514,false,Rx,0,8,00,08,78,00,0C,2B,8B,80,
8189300,00000514,false,Rx,0,8,00,08,78,00,CC,2A,8D,80,
8209299,00000514,false,Rx,0,8,00,08,78,00,CC,2A,8F,80,
8229400,00000514,false,Rx,0,8,00,08,78,00,0C,2B,81,80,
8249400,00000514,false,Rx,0,8,00,08,78,00,0C,2B,83,80,
8269200,00000514,false,Rx,0,8,00,08,78,00,0C,2B,85,80,
8289200,00000514,false,Rx,0,8,00,08,78,00,0C,2B,87,80,
8309200,00000514,false,Rx,0,8,00,08,78,00,0C,2B,89,80,
8329200,00000514,false,Rx,0,8,00,08,78,00,0C,2B,8B,80,
8349200,00000514,false,Rx,0,8,00,08,78,00,0C,2B,8D,80,
8369200,00000514,false,Rx,0,8,00,08,78,00,0C,2B,8F,80,
8389200,00000514,false,Rx,0,8,00,08,78,00,CC,2A,81,80,
8409200,00000514,false,Rx,0,8,00,08,78,00,CC,2A,83,80,
8429200,00000514,false,Rx,0,8,00,08,78,00,0C,2B,85,80,
8449200,00000514,false,Rx,0,8,00,08,78,00,0C,2B,87,80,
8469300,00000514,false,Rx,0,8,00,08,78,00,0C,2B,89,80,
8489300,00000514,false,Rx,0,8,00,08,78,00,0C,2B,8B,80,
8509200,00000514,false,Rx,0,8,00,08,78,00,0C,2B,8D,80,
8529200,00000514,false,Rx,0,8,00,08,78,00,0C,2B,8F,80,
8549300,00000514,false,Rx,0,8,00,08,78,00,CC,2A,81,80,
8569300,00000514,false,Rx,0,8,00,08,78,00,CC,2A,83,80,
8589300,00000514,false,Rx,0,8,00,08,78,00,0C,2B,85,80,
8609200,00000514,false,Rx,0,8,00,08,78,00,0C,2B,87,80,
8629300,00000514,false,Rx,0,8,00,08,78,00,4C,2B,89,80,
8649300,00000514,false,Rx,0,8,00,08,78,00,4C,2B,8B,80,
8669300,00000514,false,Rx,0,8,00,08,78,00,0C,2B,8D,80,
8689300,00000514,false,Rx,0,8,00,08,78,00,0C,2B,8F,80,
8709300,00000514,false,Rx,0,8,00,08,78,00,CC,2A,81,80,
8729300,00000514,false,Rx,0,8,00,08,78,00,CC,2A,83,80,
8749300,00000514,false,Rx,0,8,00,08,78,00,0C,2B,85,80,
8769300,00000514,false,Rx,0,8,00,08,78,00,0C,2B,87,80,
8789300,00000514,false,Rx,0,8,00,08,78,00,0C,2B,89,80,
8809300,00000514,false,Rx,0,8,00,08,78,00,0C,2B,8B,80,
8829300,00000514,false,Rx,0,8,00,08,78,00,0C,2B,8D,80,
8849300,00000514,false,Rx,0,8,00,08,78,00,0C,2B,8F,80,
8869300,00000514,false,Rx,0,8,00,08,78,00,0C,2B,81,80,
8889300,00000514,false,Rx,0,8,00,08,78,00,0C,2B,83,80,
8909300,00000514,false,Rx,0,8,00,08,78,00,0C,2B,85,80,
8929300,00000514,false,Rx,0,8,00,08,78,00,0C,2B,87,80,
8949300,00000514,false,Rx,0,8,00,08,78,00,4C,2B,89,80,
8969300,00000514,false,Rx,0,8,00,08,78,00,4C,2B,8B,80,
8989300,00000514,false,Rx,0,8,00,08,78,00,0C,2B,8D,80,
9009300,00000514,false,Rx,0,8,00,08,78,00,0C,2B,8F,80,
9029300,00000514,false,Rx,0,8,00,08,78,00,0C,2B,81,80,
9049300,00000514,false,Rx,0,8,00,08,78,00,0C,2B,83,80,
9069300,00000514,false,Rx,0,8,00,08,78,00,0C,2B,85,80,
9089300,00000514,false,Rx,0,8,00,08,78,00,0C,2B,87,80,
9109300,00000514,false,Rx,0,8,00,08,78,00,0C,2B,89,80,
9129300,00000514,false,Rx,0,8,00,08,78,00,0C,2B,8B,80,
9149400,00000514,false,Rx,0,8,00,08,78,00,CC,2A,8D,80,
9169400,00000514,false,Rx,0,8,00,08,78,00,CC,2A,8F,80,
9189400,00000514,false,Rx,0,8,00,08,78,00,0C,2B,81,80,
9209300,00000514,false,Rx,0,8,00,08,78,00,0C,2B,83,80,
9229400,00000514,false,Rx,0,8,00,08,78,00,0C,2B,85,80,
9249400,00000514,false,Rx,0,8,00,08,78,00,0C,2B,C7,80,
9269400,00000514,false,Rx,0,8,00,08,78,00,4C,2B,C9,80,
9289400,00000514,false,Rx,0,8,00,08,78,00,4C,2B,CB,80,
9309400,00000514,false,Rx,0,8,00,08,78,00,0C,2B,CD,80,
9329400,00000514,false,Rx,0,8,00,08,78,00,0C,2B,CF,80,
9349400,00000514,false,Rx,0,8,00,08,78,00,0C,2B,C1,80,
9369400,00000514,false,Rx,0,8,00,08,78,00,0C,2B,C3,80,
9389400,00000514,false,Rx,0,8,00,08,78,00,0C,2B,C5,80,
9409400,00000514,false,Rx,0,8,00,08,78,00,0C,2B,C7,80,
9429400,00000514,false,Rx,0,8,00,08,78,00,0C,2B,C9,80,
9449400,00000514,false,Rx,0,8,00,08,78,00,0C,2B,CB,80,
9469400,00000514,false,Rx,0,8,00,08,78,00,CC,2A,CD,80,
9489400,00000514,false,Rx,0,8,00,08,78,00,CC,2A,CF,80,
9509400,00000514,false,Rx,0,8,00,08,78,00,0C,2B,C1,80,
9529500,00000514,false,Rx,0,8,00,08,78,00,0C,2B,C3,80,
9549400,00000514,false,Rx,0,8,00,08,78,00,0C,2B,C5,80,
9569400,00000514,false,Rx,0,8,00,08,78,00,0C,2B,C7,80,
9589400,00000514,false,Rx,0,8,00,08,78,00,4C,2B,C9,80,
9609500,00000514,false,Rx,0,8,00,08,78,00,4C,2B,CB,80,
9629500,00000514,false,Rx,0,8,00,08,78,00,0C,2B,CD,80,
9649500,00000514,false,Rx,0,8,00,08,78,00,0C,2B,CF,80,
9669400,00000514,false,Rx,0,8,00,08,78,00,0C,2B,C1,80,
9689400,00000514,false,Rx,0,8,00,08,78,00,0C,2B,C3,80,
9709500,00000514,false,Rx,0,8,00,08,78,00,0C,2B,C5,80,
9729500,00000514,false,Rx,0,8,00,08,78,00,0C,2B,C7,80,
9749500,00000514,false,Rx,0,8,00,08,78,00,CC,2A,C9,80,
9769400,00000514,false,Rx,0,8,00,08,78,00,CC,2A,CB,80,
9789500,00000514,false,Rx,0,8,00,08,78,00,CC,2A,CD,80,
9809500,00000514,false,Rx,0,8,00,08,78,00,CC,2A,CF,80,
9829500,00000514,false,Rx,0,8,00,08,78,00,0C,2B,C1,80,
9849500,00000514,false,Rx,0,8,00,08,78,00,0C,2B,C3,80,
9869500,00000514,false,Rx,0,8,00,08,78,00,0C,2B,C5,80,
9889500,00000514,false,Rx,0,8,00,08,78,00,0C,2B,C7,80,
9909500,00000514,false,Rx,0,8,00,08,78,00,0C,2B,C9,80,
9929500,00000514,false,Rx,0,8,00,08,78,00,0C,2B,CB,80,
9949500,00000514,false,Rx,0,8,00,08,78,00,0C,2B,CD,80,
9969500,00000514,false,Rx,0,8,00,08,78,00,0C,2B,CF,80,
9989500,00000514,false,Rx,0,8,00,08,78,00,0C,2B,C1,80,
10009500,00000514,false,Rx,0,8,00,08,78,00,0C,2B,C3,80,
10029500,00000514,false,Rx,0,8,00,08,78,00,CC,2A,C5,80,
10049500,00000514,false,Rx,0,8,00,08,78,00,CC,2A,C7,80,
10069500,00000514,false,Rx,0,8,00,08,78,00,CC,2A,C9,80,
10089500,00000514,false,Rx,0,8,00,08,78,00,CC,2A,CB,80,
10109500,00000514,false,Rx,0,8,00,08,78,00,CC,2A,CD,80,
10129500,00000514,false,Rx,0,8,00,08,78,00,CC,2A,CF,80,
10149500,00000514,false,Rx,0,8,00,08,78,00,0C,2B,C1,80,
10169500,00000514,false,Rx,0,8,00,08,78,00,0C,2B,C3,80,
10189500,00000514,false,Rx,0,8,00,08,78,00,CC,2A,C5,80,
10209500,00000514,false,Rx,0,8,00,08,78,00,CC,2A,C7,80,
10229500,00000514,false,Rx,0,8,00,08,78,00,0C,2B,C9,80,
10249500,00000514,false,Rx,0,8,00,08,78,00,0C,2B,CB,80,
10269500,00000514,false,Rx,0,8,00,08,78,00,CC,2A,CD,80,
10289500,00000514,false,Rx,0,8,00,08,78,00,CC,2A,CF,80,
10309600,00000514,false,Rx,0,8,00,08,78,00,0C,2B,C1,80,
10329600,00000514,false,Rx,0,8,00,08,78,00,0C,2B,C3,80,
10349500,00000514,false,Rx,0,8,00,08,78,00,CC,2A,C5,80,
10369500,00000514,false,Rx,0,8,00,08,78,00,CC,2A,C7,80,
10389600,00000514,false,Rx,0,8,00,08,78,00,CC,2A,C9,80,
10409600,00000514,false,Rx,0,8,00,08,78,00,CC,2A,CB,80,
10429600,00000514,false,Rx,0,8,00,08,78,00,0C,2B,CD,80,
10449600,00000514,false,Rx,0,8,00,08,78,00,0C,2B,CF,80,
10469600,00000514,false,Rx,0,8,00,08,78,00,0C,2B,C1,80,
10489600,00000514,false,Rx,0,8,00,08,78,00,0C,2B,C3,80,
10509600,00000514,false,Rx,0,8,00,08,78,00,0C,2B,C5,80,
10529600,00000514,false,Rx,0,8,00,08,78,00,0C,2B,C7,80,
10549600,00000514,false,Rx,0,8,00,08,78,00,0C,2B,C9,80,
10569600,00000514,false,Rx,0,8,00,08,78,00,0C,2B,CB,80,
10589600,00000514,false,Rx,0,8,00,08,78,00,0C,2B,CD,80,
10609600,00000514,false,Rx,0,8,00,08,78,00,0C,2B,CF,80,
10629600,00000514,false,Rx,0,8,00,08,78,00,0C,2B,C1,80,
10649600,00000514,false,Rx,0,8,00,08,78,00,0C,2B,C3,80,
10669600,00000514,false,Rx,0,8,00,08,78,00,0C,2B,C5,80,
10689700,00000514,false,Rx,0,8,00,08,78,00,0C,2B,C7,80,
10709600,00000514,false,Rx,0,8,00,08,78,00,0C,2B,C9,80,
10729600,00000514,false,Rx,0,8,00,08,78,00,0C,2B,CB,80,
10749600,00000514,false,Rx,0,8,00,08,78,00,CC,2A,CD,80,
10769700,00000514,false,Rx,0,8,00,08,78,00,CC,2A,CF,80,
10789700,00000514,false,Rx,0,8,00,08,78,00,0C,2B,C1,80,
10809600,00000514,false,Rx,0,8,00,08,78,00,0C,2B,C3,80,
10829600,00000514,false,Rx,0,8,00,08,78,00,CC,2A,C5,80,
10849700,00000514,false,Rx,0,8,00,08,78,00,CC,2A,C7,80,
10869700,00000514,false,Rx,0,8,00,08,78,00,0C,2B,C9,80,
10889700,00000514,false,Rx,0,8,00,08,78,00,0C,2B,CB,80,
10909700,00000514,false,Rx,0,8,00,08,78,00,0C,2B,CD,80,
10929700,00000514,false,Rx,0,8,00,08,78,00,0C,2B,CF,80,
10949700,00000514,false,Rx,0,8,00,08,78,00,0C,2B,C1,80,
10969700,00000514,false,Rx,0,8,00,08,78,00,0C,2B,C3,80,
10989700,00000514,false,Rx,0,8,00,08,78,00,0C,2B,C5,80,
11009700,00000514,false,Rx,0,8,00,08,78,00,0C,2B,C7,80,
11029700,00000514,false,Rx,0,8,00,08,78,00,0C,2B,C9,80,
11049700,00000514,false,Rx,0,8,00,08,78,00,0C,2B,CB,80,
11069700,00000514,false,Rx,0,8,00,08,78,00,0C,2B,CD,80,
11089700,00000514,false,Rx,0,8,00,08,78,00,0C,2B,CF,80,
11109700,00000514,false,Rx,0,8,00,08,78,00,CC,2A,C1,80,
11129700,00000514,false,Rx,0,8,00,08,78,00,CC,2A,C3,80,
11149700,00000514,false,Rx,0,8,00,08,78,00,0C,2B,C5,80,
11169700,00000514,false,Rx,0,8,00,08,78,00,0C,2B,C7,80,
11189700,00000514,false,Rx,0,8,00,08,78,00,0C,2B,C9,80,
11209700,00000514,false,Rx,0,8,00,08,78,00,0C,2B,CB,80,
11229700,00000514,false,Rx,0,8,00,08,78,00,0C,2B,CD,80,
11249700,00000514,false,Rx,0,8,00,08,78,00,0C,2B,CF,80,
11269700,00000514,false,Rx,0,8,00,08,78,00,0C,2B,C1,80,
11289700,00000514,false,Rx,0,8,00,08,78,00,0C,2B,C3,80,
11309700,00000514,false,Rx,0,8,00,08,78,00,CC,2A,C5,80,
11329700,00000514,false,Rx,0,8,00,08,78,00,CC,2A,C7,80,
11349700,00000514,false,Rx,0,8,00,08,78,00,0C,2B,C9,80,
11369800,00000514,false,Rx,0,8,00,08,78,00,0C,2B,CB,80,
11389700,00000514,false,Rx,0,8,00,08,78,00,0C,2B,CD,80,
11409800,00000514,false,Rx,0,8,00,08,78,00,0C,2B,CF,80,
11429800,00000514,false,Rx,0,8,00,08,78,00,0C,2B,C1,80,
11449800,00000514,false,Rx,0,8,00,08,78,00,0C,2B,C3,80,
11469800,00000514,false,Rx,0,8,00,08,78,00,CC,2A,C5,80,
11489800,00000514,false,Rx,0,8,00,08,78,00,CC,2A,C7,80,
11509800,00000514,false,Rx,0,8,00,08,78,00,0C,2B,C9,80,
11529800,00000514,false,Rx,0,8,00,08,78,00,0C,2B,CB,80,
11549800,00000514,false,Rx,0,8,00,08,78,00,0C,2B,CD,80,
11569800,00000514,false,Rx,0,8,00,08,78,00,0C,2B,CF,80,
11589800,00000514,false,Rx,0,8,00,08,78,00,4C,2B,C1,80,
11609800,00000514,false,Rx,0,8,00,08,78,00,4C,2B,C3,80,
11629800,00000514,false,Rx,0,8,00,08,78,00,0C,2B,C5,80,
11649800,00000514,false,Rx,0,8,00,08,78,00,0C,2B,C7,80,
11669800,00000514,false,Rx,0,8,00,08,78,00,CC,2A,C9,80,
11689800,00000514,false,Rx,0,8,00,08,78,00,CC,2A,CB,80,
11709800,00000514,false,Rx,0,8,00,08,78,00,0C,2B,CD,80,
11729800,00000514,false,Rx,0,8,00,08,78,00,0C,2B,CF,80,
11749800,00000514,false,Rx,0,8,00,08,78,00,0C,2B,C1,80,
11769800,00000514,false,Rx,0,8,00,08,78,00,0C,2B,C3,80,
11789800,00000514,false,Rx,0,8,00,08,78,00,CC,2A,C5,80,
11809800,00000514,false,Rx,0,8,00,08,78,00,CC,2A,C7,80,
11829800,00000514,false,Rx,0,8,00,08,78,00,0C,2B,C9,80,
11849900,00000514,false,Rx,0,8,00,08,78,00,0C,2B,CB,80,
11869800,00000514,false,Rx,0,8,00,08,78,00,0C,2B,CD,80,
11889800,00000514,false,Rx,0,8,00,08,78,00,0C,2B,CF,80,
11909800,00000514,false,Rx,0,8,00,08,78,00,0C,2B,C1,80,
11929900,00000514,false,Rx,0,8,00,08,78,00,0C,2B,C3,80,
11949900,00000514,false,Rx,0,8,00,08,78,00,0C,2B,C5,80,
11969900,00000514,false,Rx,0,8,00,08,78,00,0C,2B,C7,80,
11989800,00000514,false,Rx,0,8,00,08,78,00,CC,2A,C9,80,
12009900,00000514,false,Rx,0,8,00,08,78,00,CC,2A,CB,80,
12029900,00000514,false,Rx,0,8,00,08,78,00,0C,2B,CD,80,
12049900,00000514,false,Rx,0,8,00,08,78,00,0C,2B,CF,80,
12069900,00000514,false,Rx,0,8,00,08,78,00,0C,2B,C1,80,
12089900,00000514,false,Rx,0,8,00,08,78,00,0C,2B,C3,80,
12109900,00000514,false,Rx,0,8,00,08,78,00,CC,2A,C5,80,
12129900,00000514,false,Rx,0,8,00,08,78,00,CC,2A,C7,80,
12149900,00000514,false,Rx,0,8,00,08,78,00,0C,2B,C9,80,
12169900,00000514,false,Rx,0,8,00,08,78,00,0C,2B,CB,80,
12189900,00000514,false,Rx,0,8,00,08,78,00,0C,2B,CD,80,
12209900,00000514,false,Rx,0,8,00,08,78,00,0C,2B,CF,80,
12229900,00000514,false,Rx,0,8,00,08,78,00,4C,2B,C1,80,
12249900,00000514,false,Rx,0,8,00,08,78,00,4C,2B,C3,80,
12269900,00000514,false,Rx,0,8,00,08,78,00,0C,2B,C5,80,
12289900,00000514,false,Rx,0,8,00,08,78,00,0C,2B,C7,80,
12309900,00000514,false,Rx,0,8,00,08,78,00,0C,2B,C9,80,
12329900,00000514,false,Rx,0,8,00,08,78,00,0C,2B,CB,80,
12349900,00000514,false,Rx,0,8,00,08,78,00,0C,2B,CD,80,
12369900,00000514,false,Rx,0,8,00,08,78,00,0C,2B,CF,80,
12389900,00000514,false,Rx,0,8,00,08,78,00,0C,2B,C1,80,
12410000,00000514,false,Rx,0,8,00,08,78,00,0C,2B,C3,80,
12429900,00000514,false,Rx,0,8,00,08,78,00,CC,2A,C5,80,
12449900,00000514,false,Rx,0,8,00,08,78,00,CC,2A,47,80,
12470000,00000514,false,Rx,0,8,00,08,78,00,0C,2B,49,80,
12490000,00000514,false,Rx,0,8,00,08,78,00,0C,2B,4B,80,
12510000,00000514,false,Rx,0,8,00,08,78,00,CC,2A,4D,80,
12530000,00000514,false,Rx,0,8,00,08,78,00,CC,2A,4F,80,
12550000,00000514,false,Rx,0,8,00,08,78,00,0C,2B,41,80,
12570000,00000514,false,Rx,0,8,00,08,78,00,0C,2B,43,80,
12590000,00000514,false,Rx,0,8,00,08,78,00,0C,2B,45,80,
12610000,00000514,false,Rx,0,8,00,08,78,00,0C,2B,47,80,
12630000,00000514,false,Rx,0,8,00,08,78,00,0C,2B,49,80,
12650000,00000514,false,Rx,0,8,00,08,78,00,0C,2B,4B,80,
12670000,00000514,false,Rx,0,8,00,08,78,00,0C,2B,4D,80,
12690000,00000514,false,Rx,0,8,00,08,78,00,0C,2B,4F,80,
12710000,00000514,false,Rx,0,8,00,08,78,00,0C,2B,41,80,
12730000,00000514,false,Rx,0,8,00,08,78,00,0C,2B,43,80,
12750000,00000514,false,Rx,0,8,00,08,78,00,CC,2A,45,80,
12770000,00000514,false,Rx,0,8,00,08,78,00,CC,2A,47,80,
12790000,00000514,false,Rx,0,8,00,08,78,00,0C,2B,49,80,
12810000,00000514,false,Rx,0,8,00,08,78,00,0C,2B,4B,80,
12830000,00000514,false,Rx,0,8,00,08,78,00,0C,2B,4D,80,
12850000,00000514,false,Rx,0,8,00,08,78,00,0C,2B,4F,80,
12870000,00000514,false,Rx,0,8,00,08,78,00,0C,2B,41,80,
12890000,00000514,false,Rx,0,8,00,08,78,00,0C,2B,43,80,
12910000,00000514,false,Rx,0,8,00,08,78,00,0C,2B,45,80,
12930000,00000514,false,Rx,0,8,00,08,78,00,0C,2B,47,80,
12950000,00000514,false,Rx,0,8,00,08,78,00,CC,2A,49,80,
12970000,00000514,false,Rx,0,8,00,08,78,00,CC,2A,4B,80,
12990100,00000514,false,Rx,0,8,00,08,78,00,0C,2B,4D,80,
13010100,00000514,false,Rx,0,8,00,08,78,00,0C,2B,4F,80,
13030000,00000514,false,Rx,0,8,00,08,78,00,0C,2B,41,80,
13050000,00000514,false,Rx,0,8,00,08,78,00,0C,2B,43,80,
13070100,00000514,false,Rx,0,8,00,08,78,00,0C,2B,45,80,
13090100,00000514,false,Rx,0,8,00,08,78,00,0C,2B,47,80,
13110100,00000514,false,Rx,0,8,00,08,78,00,0C,2B,49,80,
13130000,00000514,false,Rx,0,8,00,08,78,00,0C,2B,4B,80,
13150100,00000514,false,Rx,0,8,00,08,78,00,0C,2B,4D,80,
13170100,00000514,false,Rx,0,8,00,08,78,00,0C,2B,4F,80,
13190100,00000514,false,Rx,0,8,00,08,78,00,0C,2B,41,80,
13210100,00000514,false,Rx,0,8,00,08,78,00,0C,2B,43,80,
13230100,00000514,false,Rx,0,8,00,08,78,00,CC,2A,45,80,
13250100,00000514,false,Rx,0,8,00,08,78,00,CC,2A,47,80,
13270100,00000514,false,Rx,0,8,00,08,78,00,CC,2A,49,80,
13290100,00000514,false,Rx,0,8,00,08,78,00,CC,2A,4B,80,
13310100,00000514,false,Rx,0,8,00,08,78,00,0C,2B,4D,80,
13330100,00000514,false,Rx,0,8,00,08,78,00,0C,2B,4F,80,
13350100,00000514,false,Rx,0,8,00,08,78,00,0C,2B,41,80,
13370100,00000514,false,Rx,0,8,00,08,78,00,0C,2B,43,80,
13390100,00000514,false,Rx,0,8,00,08,78,00,4C,2B,45,80,
13410100,00000514,false,Rx,0,8,00,08,78,00,4C,2B,47,80,
13430900,00000514,false,Rx,0,8,00,08,78,00,0C,2B,49,80,
13450900,00000514,false,Rx,0,8,00,08,78,00,0C,2B,4B,80,
13470800,00000514,false,Rx,0,8,00,08,78,00,0C,2B,4D,80,
13490900,00000514,false,Rx,0,8,00,08,78,00,0C,2B,4F,80,
13510900,00000514,false,Rx,0,8,00,08,78,00,0C,2B,41,80,
13530900,00000514,false,Rx,0,8,00,08,78,00,0C,2B,43,80,
13550900,00000514,false,Rx,0,8,00,08,78,00,0C,2B,45,80,
13570900,00000514,false,Rx,0,8,00,08,78,00,0C,2B,47,80,
13590900,00000514,false,Rx,0,8,00,08,78,00,CC,2A,49,80,
13610800,00000514,false,Rx,0,8,00,08,78,00,CC,2A,4B,80,
13630800,00000514,false,Rx,0,8,00,08,78,00,0C,2B,4D,80,
13650900,00000514,false,Rx,0,8,00,08,78,00,0C,2B,4F,80,
13670900,00000514,false,Rx,0,8,00,08,78,00,0C,2B,41,80,
13690800,00000514,false,Rx,0,8,00,08,78,00,0C,2B,43,80,
13710800,00000514,false,Rx,0,8,00,08,78,00,CC,2A,45,80,
13730900,00000514,false,Rx,0,8,00,08,78,00,CC,2A,47,80,
13750900,00000514,false,Rx,0,8,00,08,78,00,0C,2B,49,80,
13770800,00000514,false,Rx,0,8,00,08,78,00,0C,2B,4B,80,
13790800,00000514,false,Rx,0,8,00,08,78,00,0C,2B,4D,80,
13810800,00000514,false,Rx,0,8,00,08,78,00,0C,2B,4F,80,
13830800,00000514,false,Rx,0,8,00,08,78,00,4C,2B,41,80,
13850800,00000514,false,Rx,0,8,00,08,78,00,4C,2B,43,80,
13870800,00000514,false,Rx,0,8,00,08,78,00,0C,2B,45,80,
13890800,00000514,false,Rx,0,8,00,08,78,00,0C,2B,47,80,
13910800,00000514,false,Rx,0,8,00,08,78,00,0C,2B,49,80,
13930800,00000514,false,Rx,0,8,00,08,78,00,0C,2B,4B,80,
13950800,00000514,false,Rx,0,8,00,08,78,00,0C,2B,4D,80,
13970800,00000514,false,Rx,0,8,00,08,78,00,0C,2B,4F,80,
13990800,00000514,false,Rx,0,8,00,08,78,00,0C,2B,41,80,
14010800,00000514,false,Rx,0,8,00,08,78,00,0C,2B,43,80,
14030800,00000514,false,Rx,0,8,00,08,78,00,CC,2A,45,80,
14050800,00000514,false,Rx,0,8,00,08,78,00,CC,2A,47,80,
14070800,00000514,false,Rx,0,8,00,08,78,00,0C,2B,49,80,
14090800,00000514,false,Rx,0,8,00,08,78,00,0C,2B,4B,80,
14110800,00000514,false,Rx,0,8,00,08,78,00,0C,2B,4D,80,
14130800,00000514,false,Rx,0,8,00,08,78,00,0C,2B,4F,80,
14150900,00000514,false,Rx,0,8,00,08,78,00,4C,2B,41,80,
14170800,00000514,false,Rx,0,8,00,08,78,00,4C,2B,43,80,
14190800,00000514,false,Rx,0,8,00,08,78,00,0C,2B,45,80,
14210800,00000514,false,Rx,0,8,00,08,78,00,0C,2B,47,80,
14230800,00000514,false,Rx,0,8,00,08,78,00,0C,2B,49,80,
14250900,00000514,false,Rx,0,8,00,08,78,00,0C,2B,4B,80,
14270800,00000514,false,Rx,0,8,00,08,78,00,0C,2B,4D,80,
14290800,00000514,false,Rx,0,8,00,08,78,00,0C,2B,4F,80,
14310800,00000514,false,Rx,0,8,00,08,78,00,0C,2B,41,80,
14330800,00000514,false,Rx,0,8,00,08,78,00,0C,2B,43,80,
14350800,00000514,false,Rx,0,8,00,08,78,00,CC,2A,45,80,
14370800,00000514,false,Rx,0,8,00,08,78,00,CC,2A,47,80,
14390800,00000514,false,Rx,0,8,00,08,78,00,0C,2B,49,80,
14410800,00000514,false,Rx,0,8,00,08,78,00,0C,2B,4B,80,
14430800,00000514,false,Rx,0,8,00,08,78,00,CC,2A,4D,80,
14450800,00000514,false,Rx,0,8,00,08,78,00,CC,2A,4F,80,
14470800,00000514,false,Rx,0,8,00,08,78,00,0C,2B,41,80,
14490800,00000514,false,Rx,0,8,00,08,78,00,0C,2B,43,80,
14510800,00000514,false,Rx,0,8,00,08,78,00,CC,2A,45,80,
14530800,00000514,false,Rx,0,8,00,08,78,00,CC,2A,47,80,
14550800,00000514,false,Rx,0,8,00,08,78,00,0C,2B,49,80,
14570800,00000514,false,Rx,0,8,00,08,78,00,0C,2B,4B,80,
14590800,00000514,false,Rx,0,8,00,08,78,00,0C,2B,4D,80,
14610800,00000514,false,Rx,0,8,00,08,78,00,0C,2B,4F,80,
14630800,00000514,false,Rx,0,8,00,08,78,00,0C,2B,41,80,
14650800,00000514,false,Rx,0,8,00,08,78,00,0C,2B,43,80,
14670800,00000514,false,Rx,0,8,00,08,78,00,CC,2A,45,80,
14690800,00000514,false,Rx,0,8,00,08,78,00,CC,2A,47,80,
14710800,00000514,false,Rx,0,8,00,08,78,00,0C,2B,49,80,
14730800,00000514,false,Rx,0,8,00,08,78,00,0C,2B,4B,80,
14750800,00000514,false,Rx,0,8,00,08,78,00,0C,2B,4D,80,
14770800,00000514,false,Rx,0,8,00,08,78,00,0C,2B,4F,80,
14790800,00000514,false,Rx,0,8,00,08,78,00,4C,2B,41,80,
14810800,00000514,false,Rx,0,8,00,08,78,00,4C,2B,43,80,
14830800,00000514,false,Rx,0,8,00,08,78,00,CC,2A,45,80,
14850800,00000514,false,Rx,0,8,00,08,78,00,CC,2A,47,80,
14870800,00000514,false,Rx,0,8,00,08,78,00,0C,2B,49,80,
14890800,00000514,false,Rx,0,8,00,08,78,00,0C,2B,4B,80,
14910900,00000514,false,Rx,0,8,00,08,78,00,0C,2B,4D,80,
14930800,00000514,false,Rx,0,8,00,08,78,00,0C,2B,4F,80,
14950800,00000514,false,Rx,0,8,00,08,78,00,CC,2A,41,80,
14970800,00000514,false,Rx,0,8,00,08,78,00,CC,2A,43,80,
14990800,00000514,false,Rx,0,8,00,08,78,00,CC,2A,45,80,
15010800,00000514,false,Rx,0,8,00,08,78,00,CC,2A,47,80,
15030800,00000514,false,Rx,0,8,00,08,78,00,0C,2B,49,80,
15050800,00000514,false,Rx,0,8,00,08,78,00,0C,2B,4B,80,
15070800,00000514,false,Rx,0,8,00,08,78,00,0C,2B,4D,80,
15090800,00000514,false,Rx,0,8,00,08,78,00,0C,2B,4F,80,
15110700,00000514,false,Rx,0,8,00,08,78,00,4C,2B,41,80,
15130800,00000514,false,Rx,0,8,00,08,78,00,4C,2B,43,80,
15150800,00000514,false,Rx,0,8,00,08,78,00,CC,2A,45,80,
15170800,00000514,false,Rx,0,8,00,08,78,00,CC,2A,47,80,
15190900,00000514,false,Rx,0,8,00,08,78,00,0C,2B,49,80,
15210900,00000514,false,Rx,0,8,00,08,78,00,0C,2B,4B,80,
15231000,00000514,false,Rx,0,8,00,08,78,00,0C,2B,4D,80,
15251000,00000514,false,Rx,0,8,00,08,78,00,0C,2B,4F,80,
15271000,00000514,false,Rx,0,8,00,08,78,00,0C,2B,41,80,
15291000,00000514,false,Rx,0,8,00,08,78,00,0C,2B,43,80,
15311000,00000514,false,Rx,0,8,00,08,78,00,0C,2B,45,80,
15331000,00000514,false,Rx,0,8,00,08,78,00,0C,2B,47,80,
15351000,00000514,false,Rx,0,8,00,08,78,00,0C,2B,49,80,
15371000,00000514,false,Rx,0,8,00,08,78,00,0C,2B,4B,80,
15391000,00000514,false,Rx,0,8,00,08,78,00,0C,2B,4D,80,
15411000,00000514,false,Rx,0,8,00,08,78,00,0C,2B,4F,80,
15431000,00000514,false,Rx,0,8,00,08,78,00,CC,2A,41,80,
15451000,00000514,false,Rx,0,8,00,08,78,00,CC,2A,43,80,
15471000,00000514,false,Rx,0,8,00,08,78,00,0C,2B,45,80,
15490800,00000514,false,Rx,0,8,00,08,78,00,0C,2B,47,80,
15510800,00000514,false,Rx,0,8,00,08,78,00,CC,2A,49,80,
15530800,00000514,false,Rx,0,8,00,08,78,00,CC,2A,4B,80,
15550700,00000514,false,Rx,0,8,00,08,78,00,4C,2B,4D,80,
15570800,00000514,false,Rx,0,8,00,08,78,00,4C,2B,4F,80,
15590800,00000514,false,Rx,0,8,00,08,78,00,0C,2B,41,80,
15610700,00000514,false,Rx,0,8,00,08,78,00,0C,2B,43,80,
15630700,00000514,false,Rx,0,8,00,08,78,00,0C,2B,45,80,
15650800,00000514,false,Rx,0,8,00,08,78,00,0C,2B,47,80,
15670700,00000514,false,Rx,0,8,00,08,78,00,0C,2B,49,80,
15690700,00000514,false,Rx,0,8,00,08,78,00,0C,2B,4B,80,
15710700,00000514,false,Rx,0,8,00,08,78,00,CC,2A,4D,80,
15730800,00000514,false,Rx,0,8,00,08,78,00,CC,2A,4F,80,
15750800,00000514,false,Rx,0,8,00,08,78,00,CC,2A,41,80,
15770700,00000514,false,Rx,0,8,00,08,78,00,CC,2A,43,80,
15790700,00000514,false,Rx,0,8,00,08,78,00,0C,2B,45,80,
15810700,00000514,false,Rx,0,8,00,08,78,00,0C,2B,47,80,
15830700,00000514,false,Rx,0,8,00,08,78,00,CC,2A,49,80,
15850800,00000514,false,Rx,0,8,00,08,78,00,CC,2A,4B,80,
15870700,00000514,false,Rx,0,8,00,08,78,00,4C,2B,4D,80,
15890700,00000514,false,Rx,0,8,00,08,78,00,4C,2B,4F,80,
15910800,00000514,false,Rx,0,8,00,08,78,00,0C,2B,81,80,
15930700,00000514,false,Rx,0,8,00,08,78,00,0C,2B,83,80,
15950700,00000514,false,Rx,0,8,00,08,78,00,0C,2B,85,80,
15970700,00000514,false,Rx,0,8,00,08,78,00,0C,2B,87,80,
15990700,00000514,false,Rx,0,8,00,08,78,00,0C,2B,89,80,
16010700,00000514,false,Rx,0,8,00,08,78,00,0C,2B,8B,80,
16030700,00000514,false,Rx,0,8,00,08,78,00,0C,2B,8D,80,
16050700,00000514,false,Rx,0,8,00,08,78,00,0C,2B,8F,80,
16070700,00000514,false,Rx,0,8,00,08,78,00,CC,2A,81,80,
16090700,00000514,false,Rx,0,8,00,08,78,00,CC,2A,83,80,
16110700,00000514,false,Rx,0,8,00,08,78,00,0C,2B,85,80,
16130700,00000514,false,Rx,0,8,00,08,78,00,0C,2B,87,80,
16150700,00000514,false,Rx,0,8,00,08,78,00,0C,2B,89,80,
16170700,00000514,false,Rx,0,8,00,08,78,00,0C,2B,8B,80,
16190700,00000514,false,Rx,0,8,00,08,78,00,0C,2B,8D,80,
16210700,00000514,false,Rx,0,8,00,08,78,00,0C,2B,8F,80,
16230700,00000514,false,Rx,0,8,00,08,78,00,0C,2B,81,80,
16250700,00000514,false,Rx,0,8,00,08,78,00,0C,2B,83,80,
16270700,00000514,false,Rx,0,8,00,08,78,00,0C,2B,85,80,
16290700,00000514,false,Rx,0,8,00,08,78,00,0C,2B,87,80,
16310700,00000514,false,Rx,0,8,00,08,78,00,0C,2B,89,80,
16330700,00000514,false,Rx,0,8,00,08,78,00,0C,2B,8B,80,
16350700,00000514,false,Rx,0,8,00,08,78,00,CC,2A,8D,80,
16370700,00000514,false,Rx,0,8,00,08,78,00,CC,2A,8F,80,
16390700,00000514,false,Rx,0,8,00,08,78,00,CC,2A,81,80,
16410700,00000514,false,Rx,0,8,00,08,78,00,CC,2A,83,80,
16430700,00000514,false,Rx,0,8,00,08,78,00,0C,2B,85,80,
16450700,00000514,false,Rx,0,8,00,08,78,00,0C,2B,87,80,
16470700,00000514,false,Rx,0,8,00,08,78,00,0C,2B,89,80,
16490700,00000514,false,Rx,0,8,00,08,78,00,0C,2B,8B,80,
16510700,00000514,false,Rx,0,8,00,08,78,00,0C,2B,8D,80,
16530700,00000514,false,Rx,0,8,00,08,78,00,0C,2B,8F,80,
16550700,00000514,false,Rx,0,8,00,08,78,00,0C,2B,81,80,
16570700,00000514,false,Rx,0,8,00,08,78,00,0C,2B,83,80,
16590700,00000514,false,Rx,0,8,00,08,78,00,0C,2B,85,80,
16610700,00000514,false,Rx,0,8,00,08,78,00,0C,2B,87,80,
16630700,00000514,false,Rx,0,8,00,08,78,00,0C,2B,89,80,
16650700,00000514,false,Rx,0,8,00,08,78,00,0C,2B,8B,80,
16670900,00000514,false,Rx,0,8,00,08,78,00,CC,2A,8D,80,
16690900,00000514,false,Rx,0,8,00,08,78,00,CC,2A,8F,80,
16710900,00000514,false,Rx,0,8,00,08,78,00,CC,2A,81,80,
16730900,00000514,false,Rx,0,8,00,08,78,00,CC,2A,83,80,
16750900,00000514,false,Rx,0,8,00,08,78,00,0C,2B,85,80,
16770900,00000514,false,Rx,0,8,00,08,78,00,0C,2B,87,80,
16790900,00000514,false,Rx,0,8,00,08,78,00,0C,2B,89,80,
16810900,00000514,false,Rx,0,8,00,08,78,00,0C,2B,8B,80,
16830800,00000514,false,Rx,0,8,00,08,78,00,0C,2B,8D,80,
16850900,00000514,false,Rx,0,8,00,08,78,00,0C,2B,8F,80,
16870900,00000514,false,Rx,0,8,00,08,78,00,CC,2A,81,80,
16890900,00000514,false,Rx,0,8,00,08,78,00,CC,2A,83,80,
16910900,00000514,false,Rx,0,8,00,08,78,00,0C,2B,85,80,
16930900,00000514,false,Rx,0,8,00,08,78,00,0C,2B,87,80,
16950900,00000514,false,Rx,0,8,00,08,78,00,CC,2A,89,80,
16970900,00000514,false,Rx,0,8,00,08,78,00,CC,2A,8B,80,
16990900,00000514,false,Rx,0,8,00,08,78,00,0C,2B,8D,80,
17010900,00000514,false,Rx,0,8,00,08,78,00,0C,2B,8F,80,
17030900,00000514,false,Rx,0,8,00,08,78,00,CC,2A,81,80,
17050900,00000514,false,Rx,0,8,00,08,78,00,CC,2A,83,80,
17070900,00000514,false,Rx,0,8,00,08,78,00,0C,2B,85,80,
17090900,00000514,false,Rx,0,8,00,08,78,00,0C,2B,87,80,
17110900,00000514,false,Rx,0,8,00,08,78,00,0C,2B,89,80,
17130900,00000514,false,Rx,0,8,00,08,78,00,0C,2B,8B,80,
17150900,00000514,false,Rx,0,8,00,08,78,00,0C,2B,8D,80,
17170900,00000514,false,Rx,0,8,00,08,78,00,0C,2B,8F,80,
17190900,00000514,false,Rx,0,8,00,08,78,00,0C,2B,81,80,
17210900,00000514,false,Rx,0,8,00,08,78,00,0C,2B,83,80,
17230900,00000514,false,Rx,0,8,00,08,78,00,0C,2B,85,80,
17250900,00000514,false,Rx,0,8,00,08,78,00,0C,2B,87,80,
17270900,00000514,false,Rx,0,8,00,08,78,00,CC,2A,89,80,
17290900,00000514,false,Rx,0,8,00,08,78,00,CC,2A,8B,80,
17310900,00000514,false,Rx,0,8,00,08,78,00,4C,2B,8D,80,
17330900,00000514,false,Rx,0,8,00,08,78,00,4C,2B,8F,80,
17350900,00000514,false,Rx,0,8,00,08,78,00,0C,2B,81,80,
17370900,00000514,false,Rx,0,8,00,08,78,00,0C,2B,83,80,
17390900,00000514,false,Rx,0,8,00,08,78,00,0C,2B,85,80,
17410900,00000514,false,Rx,0,8,00,08,78,00,0C,2B,87,80,
17430900,00000514,false,Rx,0,8,00,08,78,00,0C,2B,89,80,
17450900,00000514,false,Rx,0,8,00,08,78,00,0C,2B,8B,80,
17470900,00000514,false,Rx,0,8,00,08,78,00,4C,2B,8D,80,
17490900,00000514,false,Rx,0,8,00,08,78,00,4C,2B,8F,80,
17510900,00000514,false,Rx,0,8,00,08,78,00,0C,2B,81,80,
17530900,00000514,false,Rx,0,8,00,08,78,00,0C,2B,83,80,
17550900,00000514,false,Rx,0,8,00,08,78,00,0C,2B,85,80,
17570900,00000514,false,Rx,0,8,00,08,78,00,0C,2B,87,80,
17590900,00000514,false,Rx,0,8,00,08,78,00,0C,2B,89,80,
17610900,00000514,false,Rx,0,8,00,08,78,00,0C,2B,8B,80,
17630900,00000514,false,Rx,0,8,00,08,78,00,0C,2B,8D,80,
17650900,00000514,false,Rx,0,8,00,08,78,00,0C,2B,8F,80,
17670900,00000514,false,Rx,0,8,00,08,78,00,CC,2A,81,80,
17690900,00000514,false,Rx,0,8,00,08,78,00,CC,2A,83,80,
17710900,00000514,false,Rx,0,8,00,08,78,00,0C,2B,85,80,
17730900,00000514,false,Rx,0,8,00,08,78,00,0C,2B,87,80,
17751100,00000514,false,Rx,0,8,00,08,78,00,0C,2B,89,80,
17770900,00000514,false,Rx,0,8,00,08,78,00,0C,2B,8B,80,
17790900,00000514,false,Rx,0,8,00,08,78,00,0C,2B,8D,80,
17810900,00000514,false,Rx,0,8,00,08,78,00,0C,2B,8F,80,
17830900,00000514,false,Rx,0,8,00,08,78,00,0C,2B,81,80,
17851100,00000514,false,Rx,0,8,00,08,78,00,0C,2B,83,80,
17870900,00000514,false,Rx,0,8,00,08,78,00,0C,2B,85,80,
17890900,00000514,false,Rx,0,8,00,08,78,00,0C,2B,87,80,
17910900,00000514,false,Rx,0,8,00,08,78,00,0C,2B,89,80,
17930900,00000514,false,Rx,0,8,00,08,78,00,0C,2B,8B,80,
17951100,00000514,false,Rx,0,8,00,08,78,00,4C,2B,8D,80,
17970900,00000514,false,Rx,0,8,00,08,78,00,4C,2B,8F,80,
17990900,00000514,false,Rx,0,8,00,08,78,00,CC,2A,81,80,
18010900,00000514,false,Rx,0,8,00,08,78,00,CC,2A,83,80,
18030900,00000514,false,Rx,0,8,00,08,78,00,0C,2B,85,80,
18051100,00000514,false,Rx,0,8,00,08,78,00,0C,2B,87,80,
18071000,00000514,false,Rx,0,8,00,08,78,00,0C,2B,89,80,
18091000,00000514,false,Rx,0,8,00,08,78,00,0C,2B,8B,80,
18110900,00000514,false,Rx,0,8,00,08,78,00,4C,2B,8D,80,
18130900,00000514,false,Rx,0,8,00,08,78,00,4C,2B,8F,80,
18151100,00000514,false,Rx,0,8,00,08,78,00,CC,2A,81,80,
18171000,00000514,false,Rx,0,8,00,08,78,00,CC,2A,83,80,
18191000,00000514,false,Rx,0,8,00,08,78,00,0C,2B,85,80,
18211000,00000514,false,Rx,0,8,00,08,78,00,0C,2B,87,80,
18231000,00000514,false,Rx,0,8,00,08,78,00,0C,2B,89,80,
18251100,00000514,false,Rx,0,8,00,08,78,00,0C,2B,8B,80,
18271000,00000514,false,Rx,0,8,00,08,78,00,0C,2B,8D,80,
18291000,00000514,false,Rx,0,8,00,08,78,00,0C,2B,8F,80,
18311000,00000514,false,Rx,0,8,00,08,78,00,CC,2A,81,80,
18331000,00000514,false,Rx,0,8,00,08,78,00,CC,2A,83,80,
18351100,00000514,false,Rx,0,8,00,08,78,00,CC,2A,85,80,
18371000,00000514,false,Rx,0,8,00,08,78,00,CC,2A,87,80,
18391000,00000514,false,Rx,0,8,00,08,78,00,CC,2A,89,80,
18411000,00000514,false,Rx,0,8,00,08,78,00,CC,2A,8B,80,
18431000,00000514,false,Rx,0,8,00,08,78,00,0C,2B,8D,80,
18451100,00000514,false,Rx,0,8,00,08,78,00,0C,2B,8F,80,
18471000,00000514,false,Rx,0,8,00,08,78,00,0C,2B,81,80,
18491000,00000514,false,Rx,0,8,00,08,78,00,0C,2B,83,80,
18511000,00000514,false,Rx,0,8,00,08,78,00,0C,2B,85,80,
18531100,00000514,false,Rx,0,8,00,08,78,00,0C,2B,87,80,
18551100,00000514,false,Rx,0,8,00,08,78,00,0C,2B,89,80,
18571000,00000514,false,Rx,0,8,00,08,78,00,0C,2B,8B,80,
18591000,00000514,false,Rx,0,8,00,08,78,00,0C,2B,8D,80,
18611100,00000514,false,Rx,0,8,00,08,78,00,0C,2B,8F,80,
18631100,00000514,false,Rx,0,8,00,08,78,00,CC,2A,81,80,
18651100,00000514,false,Rx,0,8,00,08,78,00,CC,2A,83,80,
18671100,00000514,false,Rx,0,8,00,08,78,00,0C,2B,85,80,
18691100,00000514,false,Rx,0,8,00,08,78,00,0C,2B,87,80,
18711100,00000514,false,Rx,0,8,00,08,78,00,0C,2B,89,80,
18731100,00000514,false,Rx,0,8,00,08,78,00,0C,2B,8B,80,
18751100,00000514,false,Rx,0,8,00,08,78,00,0C,2B,8D,80,
18771100,00000514,false,Rx,0,8,00,08,78,00,0C,2B,8F,80,
18791100,00000514,false,Rx,0,8,00,08,78,00,0C,2B,81,80,
18811100,00000514,false,Rx,0,8,00,08,78,00,0C,2B,83,80,
18831100,00000514,false,Rx,0,8,00,08,78,00,0C,2B,85,80,
18851100,00000514,false,Rx,0,8,00,08,78,00,0C,2B,87,80,
18871100,00000514,false,Rx,0,8,00,08,78,00,0C,2B,89,80,
18891100,00000514,false,Rx,0,8,00,08,78,00,0C,2B,8B,80,
18911100,00000514,false,Rx,0,8,00,08,78,00,0C,2B,8D,80,
18931100,00000514,false,Rx,0,8,00,08,78,00,0C,2B,8F,80,
18951100,00000514,false,Rx,0,8,00,08,78,00,CC,2A,81,80,
18971100,00000514,false,Rx,0,8,00,08,78,00,CC,2A,83,80,
18991100,00000514,false,Rx,0,8,00,08,78,00,0C,2B,85,80,
19011100,00000514,false,Rx,0,8,00,08,78,00,0C,2B,87,80,
19031100,00000514,false,Rx,0,8,00,08,78,00,0C,2B,89,80,
19051100,00000514,false,Rx,0,8,00,08,78,00,0C,2B,CB,80,
19071100,00000514,false,Rx,0,8,00,08,78,00,0C,2B,CD,80,
19091100,00000514,false,Rx,0,8,00,08,78,00,0C,2B,CF,80,
19111100,00000514,false,Rx,0,8,00,08,78,00,0C,2B,C1,80,
19131200,00000514,false,Rx,0,8,00,08,78,00,0C,2B,C3,80,
19151100,00000514,false,Rx,0,8,00,08,78,00,CC,2A,C5,80,
19171100,00000514,false,Rx,0,8,00,08,78,00,CC,2A,C7,80,
19191100,00000514,false,Rx,0,8,00,08,78,00,0C,2B,C9,80,
19211100,00000514,false,Rx,0,8,00,08,78,00,0C,2B,CB,80,
19231200,00000514,false,Rx,0,8,00,08,78,00,0C,2B,CD,80,
19251200,00000514,false,Rx,0,8,00,08,78,00,0C,2B,CF,80,
19271100,00000514,false,Rx,0,8,00,08,78,00,CC,2A,C1,80,
19291100,00000514,false,Rx,0,8,00,08,78,00,CC,2A,C3,80,
19311200,00000514,false,Rx,0,8,00,08,78,00,0C,2B,C5,80,
19331200,00000514,false,Rx,0,8,00,08,78,00,0C,2B,C7,80,
19351200,00000514,false,Rx,0,8,00,08,78,00,4C,2B,C9,80,
19371100,00000514,false,Rx,0,8,00,08,78,00,4C,2B,CB,80,
19391200,00000514,false,Rx,0,8,00,08,78,00,0C,2B,CD,80,
19411200,00000514,false,Rx,0,8,00,08,78,00,0C,2B,CF,80,
19431200,00000514,false,Rx,0,8,00,08,78,00,0C,2B,C1,80,
19451200,00000514,false,Rx,0,8,00,08,78,00,0C,2B,C3,80,
19471200,00000514,false,Rx,0,8,00,08,78,00,0C,2B,C5,80,
19491200,00000514,false,Rx,0,8,00,08,78,00,0C,2B,C7,80,
19511200,00000514,false,Rx,0,8,00,08,78,00,0C,2B,C9,80,
19531200,00000514,false,Rx,0,8,00,08,78,00,0C,2B,CB,80,
19551200,00000514,false,Rx,0,8,00,08,78,00,0C,2B,CD,80,
19571200,00000514,false,Rx,0,8,00,08,78,00,0C,2B,CF,80,
19591200,00000514,false,Rx,0,8,00,08,78,00,CC,2A,C1,80,
19611200,00000514,false,Rx,0,8,00,08,78,00,CC,2A,C3,80,
19631200,00000514,false,Rx,0,8,00,08,78,00,0C,2B,C5,80,
19651200,00000514,false,Rx,0,8,00,08,78,00,0C,2B,C7,80,
19671200,00000514,false,Rx,0,8,00,08,78,00,CC,2A,C9,80,
19691300,00000514,false,Rx,0,8,00,08,78,00,CC,2A,CB,80,
19711300,00000514,false,Rx,0,8,00,08,78,00,0C,2B,CD,80,
19731200,00000514,false,Rx,0,8,00,08,78,00,0C,2B,CF,80,
19751200,00000514,false,Rx,0,8,00,08,78,00,0C,2B,C1,80,
19771300,00000514,false,Rx,0,8,00,08,78,00,0C,2B,C3,80,
19791300,00000514,false,Rx,0,8,00,08,78,00,0C,2B,C5,80,
19811300,00000514,false,Rx,0,8,00,08,78,00,0C,2B,C7,80,
19831300,00000514,false,Rx,0,8,00,08,78,00,4C,2B,C9,80,
19851300,00000514,false,Rx,0,8,00,08,78,00,4C,2B,CB,80,
19871300,00000514,false,Rx,0,8,00,08,78,00,0C,2B,CD,80,
19891300,00000514,false,Rx,0,8,00,08,78,00,0C,2B,CF,80,
19911300,00000514,false,Rx,0,8,00,08,78,00,0C,2B,C1,80,
19931300,00000514,false,Rx,0,8,00,08,78,00,0C,2B,C3,80,
19951300,00000514,false,Rx,0,8,00,08,78,00,0C,2B,C5,80,
19971300,00000514,false,Rx,0,8,00,08,78,00,0C,2B,C7,80,
19991300,00000514,false,Rx,0,8,00,08,78,00,0C,2B,C9,80,
20011300,00000514,false,Rx,0,8,00,08,78,00,0C,2B,CB,80,
20031300,00000514,false,Rx,0,8,00,08,78,00,CC,2A,CD,80,
20051300,00000514,false,Rx,0,8,00,08,78,00,CC,2A,CF,80,
20071300,00000514,false,Rx,0,8,00,08,78,00,0C,2B,C1,80,
20091300,00000514,false,Rx,0,8,00,08,78,00,0C,2B,C3,80,
20111300,00000514,false,Rx,0,8,00,08,78,00,CC,2A,C5,80,
20131300,00000514,false,Rx,0,8,00,08,78,00,CC,2A,C7,80,
20151300,00000514,false,Rx,0,8,00,08,78,00,4C,2B,C9,80,
20171300,00000514,false,Rx,0,8,00,08,78,00,4C,2B,CB,80,
20191300,00000514,false,Rx,0,8,00,08,78,00,0C,2B,CD,80,
20211300,00000514,false,Rx,0,8,00,08,78,00,0C,2B,CF,80,
20231300,00000514,false,Rx,0,8,00,08,78,00,0C,2B,C1,80,
20251300,00000514,false,Rx,0,8,00,08,78,00,0C,2B,C3,80,
20271300,00000514,false,Rx,0,8,00,08,78,00,0C,2B,C5,80,
20291400,00000514,false,Rx,0,8,00,08,78,00,0C,2B,C7,80,
20311300,00000514,false,Rx,0,8,00,08,78,00,0C,2B,C9,80,
20331300,00000514,false,Rx,0,8,00,08,78,00,0C,2B,CB,80,
20351300,00000514,false,Rx,0,8,00,08,78,00,CC,2A,CD,80,
20371400,00000514,false,Rx,0,8,00,08,78,00,CC,2A,CF,80,
20391400,00000514,false,Rx,0,8,00,08,78,00,0C,2B,C1,80,
20411400,00000514,false,Rx,0,8,00,08,78,00,0C,2B,C3,80,
20431400,00000514,false,Rx,0,8,00,08,78,00,0C,2B,C5,80,
20451400,00000514,false,Rx,0,8,00,08,78,00,0C,2B,C7,80,
20471400,00000514,false,Rx,0,8,00,08,78,00,0C,2B,C9,80,
20491400,00000514,false,Rx,0,8,00,08,78,00,0C,2B,CB,80,
20511400,00000514,false,Rx,0,8,00,08,78,00,0C,2B,CD,80,
20531400,00000514,false,Rx,0,8,00,08,78,00,0C,2B,CF,80,
20551400,00000514,false,Rx,0,8,00,08,78,00,4C,2B,C1,80,
20571400,00000514,false,Rx,0,8,00,08,78,00,4C,2B,C3,80,
