ID,Data Bytes
00000260,00 00 00 00 00 00 00 6A 
000002C4,03 80 00 1A 04 00 71 E0 
000002C1,08 00 00 00 00 00 00 D3 
00000621,11 00 00 00 00 00 00 00 
00000260,00 00 00 00 00 00 00 6A 
00000442,40 02 00 00 00 00 00 00 
00000622,12 00 00 00 00 00 00 00 
000002C4,03 7E 00 1A 04 00 71 DE 
00000630,17 00 00 00 00 00 00 00 
00000638,13 00 18 00 00 00 00 00 
00000260,00 00 00 00 00 00 00 6A 
000003A0,00 00 00 00 00 00 00 35 
000002C1,08 00 00 00 00 00 00 D3 
000002C4,03 7E 00 1A 04 00 71 DE 
00000260,00 00 00 00 00 00 00 6A 
000002C4,03 81 00 1A 04 00 71 E1 
000002C1,08 00 00 00 00 00 00 D3 
00000260,00 00 00 00 00 00 00 6A 
000002C4,03 86 00 1A 04 00 71 E6 
00000260,00 00 00 00 00 00 00 6A 
000002C1,08 00 00 00 00 00 00 D3 
00000394,00 
00000260,00 00 00 00 00 00 00 6A 
000002C4,03 86 00 1A 04 00 71 E6 
00000440,42 02 00 00 00 00 00 00 
00000260,00 00 00 00 00 00 00 6A 
000002C1,08 00 00 00 00 00 00 D3 
000003A0,00 00 00 00 00 00 00 35 
000002C4,03 86 00 1A 04 00 71 E6 
00000260,00 00 00 00 00 00 00 6A 
000002C4,03 83 00 1A 04 00 71 E3 
000002C1,08 00 00 00 00 00 00 D3 
00000260,00 00 00 00 00 00 00 6A 
000002C4,03 82 00 1A 04 00 71 E2 
00000260,00 00 00 00 00 00 00 6A 
000003B3,03 83 28 
000002C1,08 00 00 00 00 00 00 D3 
00000442,40 02 00 00 00 00 00 00 
000002C4,03 84 00 1A 04 00 71 E4 
00000260,00 00 00 00 00 00 00 6A 
000002C1,08 00 00 00 00 00 00 D3 
000002C4,03 84 00 1A 04 00 71 E4 
00000260,00 00 00 00 00 00 00 6A 
000003A0,00 00 00 00 00 00 00 35 
00000620,10 00 00 00 30 60 00 50 
00000260,00 00 00 00 00 00 00 6A 
000002C4,03 85 00 1A 04 00 71 E5 
000002C1,08 00 00 00 00 00 00 D3 
00000260,00 00 00 00 00 00 00 6A 
000002C4,03 85 00 1A 04 00 71 E5 
000002C1,08 00 00 00 00 00 00 D3 
00000260,00 00 00 00 00 00 00 6A 
000002C4,03 86 00 1A 04 00 71 E6 
00000440,42 02 00 00 00 00 00 00 
00000260,00 00 00 00 00 00 00 6A 
000002C1,08 00 00 00 00 00 00 D3 
000002C4,03 87 00 1A 04 00 71 E7 
00000260,00 00 00 00 00 00 00 6A 
000003A0,00 00 00 00 00 00 00 35 
000003B1,00 00 01 01 00 00 00 00 
000002C4,03 87 00 1A 04 00 71 E7 
00000260,00 00 00 00 00 00 00 6A 
000002C1,08 00 00 00 00 00 00 D3 
00000260,00 00 00 00 00 00 00 6A 
000002C4,03 88 00 1A 04 00 71 E8 
00000610,20 00 00 64 80 00 00 00 
000002C1,08 00 00 00 00 00 00 D3 
00000260,00 00 00 00 00 00 00 6A 
00000442,40 02 00 00 00 00 00 00 
000002C4,03 89 00 1A 04 00 71 E9 
00000394,00 
00000260,00 00 00 00 00 00 00 6A 
000002C1,08 00 00 00 00 00 00 D3 
000002C4,03 8A 00 1A 04 00 71 EA 
00000260,00 00 00 00 00 00 00 6A 
00000398,01 5D 
000003A0,00 00 00 00 00 00 00 35 
000002C4,03 89 00 1A 04 00 71 E9 
000002C1,08 00 00 00 00 00 00 D3 
00000260,00 00 00 00 00 00 00 6A 
000002C4,03 88 00 1A 04 00 71 E8 
000004DC,1D 00 00 06 00 00 00 00 
00000260,00 00 00 00 00 00 00 6A 
000002C1,08 00 00 00 00 00 00 D3 
000002C4,03 85 00 1A 04 00 71 E5 
00000260,00 00 00 00 00 00 00 6A 
00000440,42 02 00 00 00 00 00 00 
000003B0,00 00 00 45 00 
00000260,00 00 00 00 00 00 00 6A 
000002C1,08 00 00 00 00 00 00 D3 
000002C4,03 82 00 1A 04 00 71 E2 
00000260,00 00 00 00 00 00 00 6A 
000002C4,03 82 00 1A 04 00 71 E2 
000003A0,00 00 00 00 00 00 00 35 
000002C1,08 00 00 00 00 00 00 D3 
00000620,10 00 00 00 30 60 00 50 
000004C1,01 00 04 08 00 00 00 00 
00000260,00 00 00 00 00 00 00 6A 
000002C4,03 84 00 1A 04 00 71 E4 
00000380,00 20 80 00 00 00 22 00 
00000260,00 00 00 00 00 00 00 6A 
000002C1,08 00 00 00 00 00 00 D3 
000002C4,03 86 00 1A 04 00 71 E6 
00000260,00 00 00 00 00 00 00 6A 
00000442,40 02 00 00 00 00 00 00 
000003A1,00 00 00 00 00 00 00 00 
000002C4,03 85 00 1A 04 00 71 E5 
000002C1,08 00 00 00 00 00 00 D3 
00000260,00 00 00 00 00 00 00 6A 
000003B4,00 00 7A 4C 00 00 00 
000002C4,03 84 00 1A 04 00 71 E4 
00000260,00 00 00 00 00 00 00 6A 
000003A0,00 00 00 00 00 00 00 35 
000002C1,08 00 00 00 00 00 00 D3 
00000260,00 00 00 00 00 00 00 6A 
000002C4,03 82 00 1A 04 00 71 E2 
0000038A,08 04 00 00 00 
00000260,00 00 00 00 00 00 00 6A 
000002C1,08 00 00 00 00 00 00 D3 
000004C8,09 00 05 07 00 00 00 00 
000002C4,03 7F 00 1A 04 00 71 DF 
00000640,A8 00 00 00 00 00 00 00 
00000440,42 02 00 00 00 00 00 00 
00000260,00 00 00 00 00 00 00 6A 
000002C4,03 7F 00 1A 04 00 71 DF 
000002C1,08 00 00 00 00 00 00 D3 
00000394,00 
000003B3,03 7F 28 
00000260,00 00 00 00 00 00 00 6A 
000002C4,03 80 00 1A 04 00 71 E0 
00000260,00 00 00 00 00 00 00 6A 
000002C1,08 00 00 00 00 00 00 D3 
000003A0,00 00 00 00 00 00 00 35 
000002C4,03 7F 00 1A 04 00 71 DF 
00000260,00 00 00 00 00 00 00 6A 
000002C1,08 00 00 00 00 00 00 D3 
00000260,00 00 00 00 00 00 00 6A 
000002C4,03 7F 00 1A 04 00 71 DF 
00000442,40 02 00 00 00 00 00 00 
00000260,00 00 00 00 00 00 00 6A 
000002C4,03 7F 00 1A 04 00 71 DF 
000002C1,08 00 00 00 00 00 00 D3 
000004DD,1E 00 00 06 00 00 00 00 
00000260,00 00 00 00 00 00 00 6A 
000002C4,03 7F 00 1A 04 00 71 DF 
000002C1,08 00 00 00 00 00 00 D3 
00000260,00 00 00 00 00 00 00 6A 
000003A0,00 00 00 00 00 00 00 35 
000002C4,03 7C 00 1A 04 00 71 DC 
00000620,10 00 00 00 30 60 00 50 
00000260,00 00 00 00 00 00 00 6A 
000002C1,08 00 00 00 00 00 00 D3 
000002C4,03 7A 00 1A 04 00 71 DA 
00000260,00 00 00 00 00 00 00 6A 
00000440,42 02 00 00 00 00 00 00 
00000610,20 00 00 64 80 00 00 00 
000002C4,03 7A 00 1A 04 00 71 DA 
00000260,00 00 00 00 00 00 00 6A 
000002C1,08 00 00 00 00 00 00 D3 
00000611,21 00 10 A0 00 04 56 89 
00000260,00 00 00 00 00 00 00 6A 
000002C4,03 7A 00 1A 04 00 71 DA 
000002C1,08 00 00 00 00 00 00 D3 
00000260,00 00 00 00 00 00 00 6A 
000002C4,03 7B 00 1A 04 00 71 DB 
000003A0,00 00 00 00 00 00 00 35 
00000260,00 00 00 00 00 00 00 6A 
000002C1,08 00 00 00 00 00 00 D3 
000002C4,03 79 00 1A 04 00 71 D9 
00000260,00 00 00 00 00 00 00 6A 
00000442,40 02 00 00 00 00 00 00 
000002C4,03 78 00 1A 04 00 71 D8 
000002C1,08 00 00 00 00 00 00 D3 
00000260,00 00 00 00 00 00 00 6A 
00000394,00 
000002C4,03 75 00 1A 04 00 71 D5 
00000260,00 00 00 00 00 00 00 6A 
00000621,11 00 00 00 00 00 00 00 
00000622,12 00 00 00 00 00 00 00 
000002C1,08 00 00 00 00 00 00 D3 
00000630,17 00 00 00 00 00 00 00 
000002C4,03 71 00 1A 04 00 71 D1 
00000260,00 00 00 00 00 00 00 6A 
00000638,13 00 18 00 00 00 00 00 
000003A0,00 00 00 00 00 00 00 35 
00000260,00 00 00 00 00 00 00 6A 
000002C1,08 00 00 00 00 00 00 D3 
000002C4,03 70 00 1A 04 00 71 D0 
00000260,00 00 00 00 00 00 00 6A 
00000440,42 02 00 00 00 00 00 00 
000002C4,03 6F 00 1A 04 00 71 CF 
000002C1,08 00 00 00 00 00 00 D3 
00000260,00 00 00 00 00 00 00 6A 
000002C4,03 72 00 1A 04 00 71 D2 
00000260,00 00 00 00 00 00 00 6A 
000002C1,08 00 00 00 00 00 00 D3 
000002C4,03 72 00 1A 04 00 71 D2 
00000260,00 00 00 00 00 00 00 6A 
000003A0,00 00 00 00 00 00 00 35 
00000620,10 00 00 00 30 60 00 50 
000002C1,08 00 00 00 00 00 00 D3 
000002C4,03 74 00 1A 04 00 71 D4 
00000260,00 00 00 00 00 00 00 6A 
00000442,40 02 00 00 00 00 00 00 
00000260,00 00 00 00 00 00 00 6A 
000002C4,03 74 00 1A 04 00 71 D4 
000002C1,08 00 00 00 00 00 00 D3 
00000260,00 00 00 00 00 00 00 6A 
000002C4,03 74 00 1A 04 00 71 D4 
000002C1,08 00 00 00 00 00 00 D3 
00000260,00 00 00 00 00 00 00 6A 
000003B3,03 73 28 
000002C4,03 74 00 1A 04 00 71 D4 
00000260,00 00 00 00 00 00 00 6A 
000003A0,00 00 00 00 00 00 00 35 
000002C1,08 00 00 00 00 00 00 D3 
000002C4,03 74 00 1A 04 00 71 D4 
00000260,00 00 00 00 00 00 00 6A 
00000440,42 02 00 00 00 00 00 00 
000002C4,03 78 00 1A 04 00 71 D8 
00000260,00 00 00 00 00 00 00 6A 
000002C1,08 00 00 00 00 00 00 D3 
000002C4,03 7A 00 1A 04 00 71 DA 
00000260,00 00 00 00 00 00 00 6A 
00000394,00 
000002C1,08 00 00 00 00 00 00 D3 
00000260,00 00 00 00 00 00 00 6A 
000002C4,03 7D 00 1A 04 00 71 DD 
00000260,00 00 00 00 00 00 00 6A 
000002C4,03 7E 00 1A 04 00 71 DE 
000002C1,08 00 00 00 00 00 00 D3 
000003A0,00 00 00 00 00 00 00 35 
000003B1,00 00 01 01 00 00 00 00 
00000260,00 00 00 00 00 00 00 6A 
00000442,40 02 00 00 00 00 00 00 
000002C4,03 7B 00 1A 04 00 71 DB 
000002C1,08 00 00 00 00 00 00 D3 
00000260,00 00 00 00 00 00 00 6A 
000002C4,03 79 00 1A 04 00 71 D9 
00000610,20 00 00 64 80 00 00 00 
00000260,00 00 00 00 00 00 00 6A 
000002C1,08 00 00 00 00 00 00 D3 
000002C4,03 78 00 1A 04 00 71 D8 
00000260,00 00 00 00 00 00 00 6A 
00000260,00 00 00 00 00 00 00 6A 
000002C4,03 78 00 1A 04 00 71 D8 
000002C1,08 00 00 00 00 00 00 D3 
000003A0,00 00 00 00 00 00 00 35 
00000620,10 00 00 00 30 60 00 50 
00000260,00 00 00 00 00 00 00 6A 
00000440,42 02 00 00 00 00 00 00 
000002C4,03 77 00 1A 04 00 71 D7 
000004C1,01 00 04 08 00 00 00 00 
000002C1,08 00 00 00 00 00 00 D3 
000004DC,1D 00 00 06 00 00 00 00 
00000260,00 00 00 00 00 00 00 6A 
000002C4,03 78 00 1A 04 00 71 D8 
00000260,00 00 00 00 00 00 00 6A 
000002C1,08 00 00 00 00 00 00 D3 
000002C4,03 78 00 1A 04 00 71 D8 
000003B0,00 00 00 45 00 
00000260,00 00 00 00 00 00 00 6A 
000002C4,03 7A 00 1A 04 00 71 DA 
000002C1,08 00 00 00 00 00 00 D3 
00000260,00 00 00 00 00 00 00 6A 
000003A0,00 00 00 00 00 00 00 35 
00000442,40 02 00 00 00 00 00 00 
000002C4,03 7A 00 1A 04 00 71 DA 
00000260,00 00 00 00 00 00 00 6A 
000002C1,08 00 00 00 00 00 00 D3 
00000380,00 20 80 00 00 00 22 00 
00000260,00 00 00 00 00 00 00 6A 
000002C4,03 7A 00 1A 04 00 71 DA 
00000260,00 00 00 00 00 00 00 6A 
000002C1,08 00 00 00 00 00 00 D3 
000002C4,03 7A 00 1A 04 00 71 DA 
000003A1,00 00 00 00 00 00 00 00 
00000394,00 
00000260,00 00 00 00 00 00 00 6A 
000002C4,03 79 00 1A 04 00 71 D9 
000002C1,08 00 00 00 00 00 00 D3 
00000260,00 00 00 00 00 00 00 6A 
000003A0,00 00 00 00 00 00 00 35 
000002C4,03 78 00 1A 04 00 71 D8 
00000440,42 02 00 00 00 00 00 00 
000003B4,00 00 7A 4C 00 00 00 
00000260,00 00 00 00 00 00 00 6A 
000004C8,09 00 05 07 00 00 00 00 
000002C1,08 00 00 00 00 00 00 D3 
000002C4,03 77 00 1A 04 00 71 D7 
00000260,00 00 00 00 00 00 00 6A 
00000640,A8 00 00 00 00 00 00 00 
000002C1,08 00 00 00 00 00 00 D3 
000002C4,03 76 00 1A 04 00 71 D6 
00000260,00 00 00 00 00 00 00 6A 
00000260,00 00 00 00 00 00 00 6A 
000002C4,03 76 00 1A 04 00 71 D6 
000002C1,08 00 00 00 00 00 00 D3 
000003B3,03 75 28 
00000260,00 00 00 00 00 00 00 6A 
00000442,40 02 00 00 00 00 00 00 
000002C4,03 73 00 1A 04 00 71 D3 
000003A0,00 00 00 00 00 00 00 35 
00000620,10 00 00 00 30 60 00 50 
000002C1,08 00 00 00 00 00 00 D3 
00000260,00 00 00 00 00 00 00 6A 
000002C4,03 73 00 1A 04 00 71 D3 
00000260,00 00 00 00 00 00 00 6A 
000002C1,08 00 00 00 00 00 00 D3 
000002C4,03 74 00 1A 04 00 71 D4 
00000260,00 00 00 00 00 00 00 6A 
000002C4,03 75 00 1A 04 00 71 D5 
0000038A,08 04 00 00 00 
00000260,00 00 00 00 00 00 00 6A 
000002C1,08 00 00 00 00 00 00 D3 
000004DD,1E 00 00 06 00 00 00 00 
00000260,00 00 00 00 00 00 00 6A 
000002C4,03 72 00 1A 04 00 71 D2 
00000440,42 02 00 00 00 00 00 00 
000003A0,00 00 00 00 00 00 00 35 
000002C1,08 00 00 00 00 00 00 D3 
00000260,00 00 00 00 00 00 00 6A 
000002C4,03 71 00 1A 04 00 71 D1 
00000260,00 00 00 00 00 00 00 6A 
000002C1,08 00 00 00 00 00 00 D3 
000002C4,03 71 00 1A 04 00 71 D1 
00000610,20 00 00 64 80 00 00 00 
00000260,00 00 00 00 00 00 00 6A 
00000611,21 00 10 A0 00 04 56 89 
000002C4,03 71 00 1A 04 00 71 D1 
00000394,00 
000002C1,08 00 00 00 00 00 00 D3 
00000260,00 00 00 00 00 00 00 6A 
00000442,40 02 00 00 00 00 00 00 
000002C4,03 71 00 1A 04 00 71 D1 
00000260,00 00 00 00 00 00 00 6A 
000003A0,00 00 00 00 00 00 00 35 
000002C1,08 00 00 00 00 00 00 D3 
000002C4,03 6F 00 1A 04 00 71 CF 
00000260,00 00 00 00 00 00 00 6A 
00000260,00 00 00 00 00 00 00 6A 
000002C1,08 00 00 00 00 00 00 D3 
000002C4,03 6C 00 1A 04 00 71 CC 
00000260,00 00 00 00 00 00 00 6A 
000002C4,03 6B 00 1A 04 00 71 CB 
000002C1,08 00 00 00 00 00 00 D3 
00000260,00 00 00 00 00 00 00 6A 
00000621,11 00 00 00 00 00 00 00 
000002C4,03 69 00 1A 04 00 71 C9 
00000622,12 00 00 00 00 00 00 00 
00000440,42 02 00 00 00 00 00 00 
00000630,17 00 00 00 00 00 00 00 
00000260,00 00 00 00 00 00 00 6A 
00000638,13 00 18 00 00 00 00 00 
000002C1,08 00 00 00 00 00 00 D3 
000003A0,00 00 00 00 00 00 00 35 
000002C4,03 68 00 1A 04 00 71 C8 
00000620,10 00 00 00 30 60 00 50 
00000260,00 00 00 00 00 00 00 6A 
000002C4,03 67 00 1A 04 00 71 C7 
000002C1,08 00 00 00 00 00 00 D3 
00000260,00 00 00 00 00 00 00 6A 
000002C4,03 68 00 1A 04 00 71 C8 
00000260,00 00 00 00 00 00 00 6A 
000002C1,08 00 00 00 00 00 00 D3 
00000260,00 00 00 00 00 00 00 6A 
000002C4,03 69 00 1A 04 00 71 C9 
00000442,40 02 00 00 00 00 00 00 
00000260,00 00 00 00 00 00 00 6A 
000002C1,00 00 00 00 00 00 00 CB 
000002C4,03 69 00 1A 04 00 71 C9 
000003A0,00 00 00 00 00 00 00 35 
00000260,00 00 00 00 00 00 00 6A 
000002C4,03 69 00 1A 04 00 71 C9 
000002C1,00 00 00 00 00 00 00 CB 
00000398,01 63 
00000260,00 00 00 00 00 00 00 6A 
000002C4,03 66 00 1A 04 00 71 C6 
00000260,00 00 00 00 00 00 00 6A 
000002C1,00 00 00 00 00 00 00 CB 
00000394,00 
000002C4,03 66 00 1A 04 00 71 C6 
00000260,00 00 00 00 00 00 00 6A 
00000440,42 02 00 00 00 00 00 00 
0000038A,09 04 00 00 00 
000002C1,00 00 00 00 00 00 00 CB 
00000260,00 00 00 00 00 00 00 6A 
000002C4,03 67 00 1A 04 00 71 C7 
000003A0,00 00 00 00 00 00 00 35 
000003B3,03 67 46 
00000260,00 00 00 00 00 00 00 6A 
000002C4,03 66 00 1A 04 00 71 C6 
000002C1,00 00 00 00 00 00 00 CB 
00000260,00 00 00 00 00 00 00 6A 
000002C4,03 63 00 1A 04 00 71 C3 
000002C1,00 00 00 00 00 00 00 CB 
00000260,00 00 00 00 00 00 00 6A 
000002C4,03 64 00 1A 04 00 71 C4 
00000442,40 02 00 00 00 00 00 00 
00000260,00 00 00 00 00 00 00 6A 
000002C1,00 00 00 00 00 00 00 CB 
000002C4,03 66 00 1A 04 00 71 C6 
00000260,00 00 00 00 00 00 00 6A 
000003A0,00 00 00 00 00 00 00 35 
000003B1,00 00 01 01 00 00 00 00 
000002C4,03 8F 00 1A 04 00 71 EF 
00000620,10 00 00 00 30 60 00 50 
00000260,00 00 00 00 00 00 00 6A 
000002C1,08 00 00 00 00 00 00 D3 
00000260,00 00 00 00 00 00 00 6A 
000004C1,01 00 04 08 00 00 00 00 
000002C4,03 E6 00 1A 04 00 71 46 
00000610,20 00 00 64 80 00 00 00 
000002C1,08 00 00 00 00 00 00 D3 
00000260,00 00 00 00 00 00 00 6A 
000002C4,04 47 00 1A 04 00 71 A8 
0000038A,08 04 00 00 00 
00000440,42 02 00 00 00 00 00 00 
00000260,00 00 00 00 00 00 00 6A 
000002C1,08 00 00 00 00 00 00 D3 
000002C4,04 B5 00 1A 04 00 71 16 
00000260,00 00 00 00 00 00 00 6A 
000003A0,00 00 00 00 00 00 00 35 
000002C4,05 18 00 1A 04 00 71 7A 
000002C1,08 00 00 00 00 00 00 D3 
00000260,00 00 00 00 00 00 00 6A 
000002C4,05 68 00 1A 04 00 71 CA 
000004DC,1D 00 00 06 00 00 00 00 
00000260,00 00 00 00 00 00 00 6A 
000002C1,08 00 00 00 00 00 00 D3 
00000260,00 00 00 00 00 00 00 6A 
000002C4,05 B9 00 1A 04 00 71 1B 
00000442,40 02 00 00 00 00 00 00 
00000394,00 
000003B0,00 00 00 45 00 
00000260,00 00 00 00 00 00 00 6A 
000002C1,08 00 00 00 00 00 00 D3 
000002C4,05 ED 00 1A 04 00 71 4F 
00000260,00 00 00 00 00 00 00 6A 
000002C4,06 3D 00 1A 04 00 71 A0 
000003A0,00 00 00 00 00 00 00 35 
000002C1,08 00 00 00 00 00 00 D3 
00000260,00 00 00 00 00 00 00 6A 
000002C4,06 83 00 1A 04 00 71 E6 
00000380,00 20 80 00 00 00 22 00 
00000260,00 00 00 00 00 00 00 6A 
000002C1,08 00 00 00 00 00 00 D3 
000002C4,06 D3 00 1A 04 00 71 36 
00000260,00 00 00 00 00 00 00 6A 
000003A1,00 00 00 00 00 00 00 00 
00000440,42 02 00 00 00 00 00 00 
000002C1,08 00 00 00 00 00 00 D3 
000002C4,07 08 00 1A 04 00 71 6C 
00000260,00 00 00 00 00 00 00 6A 
00000260,00 00 00 00 00 00 00 6A 
000004C8,09 00 05 07 00 00 00 00 
000002C4,07 38 00 1A 04 00 71 9C 
000003A0,00 00 00 00 00 00 00 35 
000002C1,08 00 00 00 00 00 00 D3 
00000260,00 00 00 00 00 00 00 6A 
00000620,10 00 00 00 30 60 00 50 
000002C4,07 6B 00 1A 04 00 71 CF 
00000260,00 00 00 00 00 00 00 6A 
000002C1,08 00 00 00 00 00 00 D3 
000003B4,00 00 7A 4C 00 00 00 
000002C4,07 95 00 1A 04 00 71 F9 
00000640,A8 00 00 00 00 00 00 00 
00000260,00 00 00 00 00 00 00 6A 
00000442,40 02 00 00 00 00 00 00 
000002C1,08 00 00 00 00 00 00 D3 
000002C4,07 AB 00 1A 04 00 71 0F 
00000260,00 00 00 00 00 00 00 6A 
000002C4,07 C3 00 1A 04 00 71 27 
00000260,00 00 00 00 00 00 00 6A 
000002C1,08 00 00 00 00 00 00 D3 
000003A0,00 00 00 00 00 00 00 35 
000002C4,07 D6 00 1A 04 00 71 3A 
00000260,00 00 00 00 00 00 00 6A 
000003B3,07 D5 28 
000002C1,08 00 00 00 00 00 00 D3 
00000260,00 00 00 00 00 00 00 6A 
000002C4,07 DA 00 1A 04 00 71 3E 
00000260,00 00 00 00 00 00 00 6A 
00000440,42 02 00 00 00 00 00 00 
000002C4,07 DA 00 1A 04 00 71 3E 
000002C1,08 00 00 00 00 00 00 D3 
00000394,00 
00000260,00 00 00 00 00 00 00 6A 
000002C4,07 D6 00 1A 04 00 71 3A 
000004DD,1E 00 00 06 00 00 00 00 
000002C1,08 00 00 00 00 00 00 D3 
00000260,00 00 00 00 00 00 00 6A 
000003A0,00 00 00 00 00 00 00 35 
000002C4,07 C3 00 1A 04 00 71 27 
00000260,00 00 00 00 00 00 00 6A 
000002C1,00 00 00 00 00 00 00 CB 
000002C4,07 BC 00 1A 04 00 71 20 
00000260,00 00 00 00 00 00 00 6A 
00000610,20 00 00 64 80 00 00 00 
00000442,40 02 00 00 00 00 00 00 
00000260,00 00 00 00 00 00 00 6A 
000002C4,07 B2 00 1A 04 00 71 16 
000002C1,00 00 00 00 00 00 00 CB 
00000611,21 00 10 A0 00 04 56 89 
00000260,00 00 00 00 00 00 00 6A 
000002C4,07 A6 00 1A 04 00 71 0A 
000002C1,00 00 00 00 00 00 00 CB 
00000260,00 00 00 00 00 00 00 6A 
000002C4,07 8B 00 1A 04 00 71 EF 
000003A0,00 00 00 00 00 00 00 35 
00000260,00 00 00 00 00 00 00 6A 
00000620,10 00 00 00 30 60 00 50 
000002C1,00 00 00 00 00 00 00 CB 
000002C4,07 70 00 1A 04 00 71 D4 
00000260,00 00 00 00 00 00 00 6A 
00000440,42 02 00 00 00 00 00 00 
000002C4,07 62 00 1A 04 00 71 C6 
000002C1,00 00 00 00 00 00 00 CB 
00000260,00 00 00 00 00 00 00 6A 
000002C4,07 5B 00 1A 04 00 71 BF 
00000260,00 00 00 00 00 00 00 6A 
00000621,11 00 00 00 00 00 00 00 
000002C1,00 00 00 00 00 00 00 CB 
00000622,12 00 00 00 00 00 00 00 
00000260,00 00 00 00 00 00 00 6A 
00000630,17 00 00 00 00 00 00 00 
000002C4,07 5E 00 1A 04 00 71 C2 
000003A0,00 00 00 00 00 00 00 35 
00000638,13 00 18 00 00 00 00 00 
00000260,00 00 00 00 00 00 00 6A 
000002C1,00 00 00 00 00 00 00 CB 
000002C4,07 5A 00 1A 04 00 71 BE 
00000260,00 00 00 00 00 00 00 6A 
00000442,40 02 00 00 00 00 00 00 
000002C4,07 59 00 1A 04 00 71 BD 
000002C1,00 00 00 00 00 00 00 CB 
00000260,00 00 00 00 00 00 00 6A 
000002C4,07 5C 00 1A 04 00 71 C0 
00000394,00 
00000260,00 00 00 00 00 00 00 6A 
000002C1,08 00 00 00 00 00 00 D3 
00000398,02 1F 
000002C4,07 61 00 1A 04 00 71 C5 
00000260,00 00 00 00 00 00 00 6A 
000003A0,00 00 00 00 00 00 00 35 
000002C1,08 00 00 00 00 00 00 D3 
000002C4,07 6C 00 1A 04 00 71 D0 
00000260,00 00 00 00 00 00 00 6A 
00000260,00 00 00 00 00 00 00 6A 
00000440,42 02 00 00 00 00 00 00 
000002C4,07 7A 00 1A 04 00 71 DE 
000002C1,08 00 00 00 00 00 00 D3 
00000260,00 00 00 00 00 00 00 6A 
000002C4,07 82 00 1A 04 00 71 E6 
00000260,00 00 00 00 00 00 00 6A 
000002C1,08 00 00 00 00 00 00 D3 
000002C4,07 8E 00 1A 04 00 71 F2 
00000260,00 00 00 00 00 00 00 6A 
000003A0,00 00 00 00 00 00 00 35 
000002C1,08 00 00 00 00 00 00 D3 
000002C4,07 8E 00 1A 04 00 71 F2 
00000260,00 00 00 00 00 00 00 6A 
00000620,10 00 00 00 30 60 00 50 
00000442,40 02 00 00 00 00 00 00 
000003B3,07 8B 28 
000002C4,07 8C 00 1A 04 00 71 F0 
00000260,00 00 00 00 00 00 00 6A 
000002C1,08 00 00 00 00 00 00 D3 
000004C1,01 00 04 08 00 00 00 00 
00000260,00 00 00 00 00 00 00 6A 
000002C4,07 83 00 1A 04 00 71 E7 
000002C1,08 00 00 00 00 00 00 D3 
00000260,00 00 00 00 00 00 00 6A 
000002C4,07 6D 00 1A 04 00 71 D1 
00000260,00 00 00 00 00 00 00 6A 
000002C1,08 00 00 00 00 00 00 D3 
000002C4,07 58 00 1A 04 00 71 BC 
000003A0,00 00 00 00 00 00 00 35 
000003B1,00 00 01 01 00 00 00 00 
00000260,00 00 00 00 00 00 00 6A 
000002C4,07 47 00 1A 04 00 71 AB 
00000440,42 02 00 00 00 00 00 00 
000002C1,00 00 00 00 00 00 00 CB 
00000260,00 00 00 00 00 00 00 6A 
00000610,20 00 00 64 80 00 00 00 
000002C4,07 37 00 1A 04 00 71 9B 
00000260,00 00 00 00 00 00 00 6A 
000002C1,00 00 00 00 00 00 00 CB 
00000394,00 
000002C4,07 24 00 1A 04 00 71 88 
00000260,00 00 00 00 00 00 00 6A 
00000260,00 00 00 00 00 00 00 6A 
000002C1,00 00 00 00 00 00 00 CB 
000002C4,07 10 00 1A 04 00 71 74 
000003A0,00 00 00 00 00 00 00 35 
0000038A,09 04 00 00 00 
00000260,00 00 00 00 00 00 00 6A 
00000442,40 02 00 00 00 00 00 00 
000002C4,07 00 00 1A 04 00 71 64 
000002C1,00 00 00 00 00 00 00 CB 
000004DC,1D 00 00 06 00 00 00 00 
00000260,00 00 00 00 00 00 00 6A 
000002C4,06 F2 00 1A 04 00 71 55 
00000260,00 00 00 00 00 00 00 6A 
000002C1,00 00 00 00 00 00 00 CB 
000002C4,06 E9 00 1A 04 00 71 4C 
000003B0,00 00 00 45 00 
00000260,00 00 00 00 00 00 00 6A 
000002C4,06 FE 00 1A 04 00 71 61 
000002C1,00 00 00 00 00 00 00 CB 
00000260,00 00 00 00 00 00 00 6A 
000003A0,00 00 00 00 00 00 00 35 
00000260,00 00 00 00 00 00 00 6A 
000002C4,07 25 00 1A 04 00 71 89 
00000620,10 00 00 00 30 60 00 50 
00000440,42 02 00 00 00 00 00 00 
000002C1,00 00 00 00 00 00 00 CB 
00000380,00 20 80 00 00 00 22 00 
00000260,00 00 00 00 00 00 00 6A 
000002C4,07 84 00 1A 04 00 71 E8 
00000260,00 00 00 00 00 00 00 6A 
000002C1,00 00 00 00 00 00 00 CB 
000002C4,07 F1 00 1A 04 00 71 55 
000003A1,00 00 00 00 00 00 00 00 
00000260,00 00 00 00 00 00 00 6A 
000004C8,09 00 05 07 00 00 00 00 
000002C4,08 7B 00 1A 04 00 71 E0 
000002C1,08 00 00 00 00 00 00 D3 
0000038A,08 04 00 00 00 
00000260,00 00 00 00 00 00 00 6A 
000003A0,00 00 00 00 00 00 00 35 
000002C4,08 C4 00 1A 04 00 71 29 
00000442,40 02 00 00 00 00 00 00 
00000260,00 00 00 00 00 00 00 6A 
000002C1,08 00 00 00 00 00 00 D3 
000002C4,09 39 00 1A 04 00 71 9F 
00000260,00 00 00 00 00 00 00 6A 
00000640,A8 00 00 00 00 00 00 00 
000002C1,08 00 00 00 00 00 00 D3 
00000260,00 00 00 00 00 00 00 6A 
000002C4,09 97 00 1A 04 00 71 FD 
000003B4,00 00 7B 4C 00 00 00 
00000394,00 
00000260,00 00 00 00 00 00 00 6A 
000002C4,0A 00 00 1A 04 00 71 67 
000002C1,08 00 00 00 00 00 00 D3 
00000260,00 00 00 00 00 00 00 6A 
000002C4,0A 6A 00 1A 04 00 71 D1 
000003A0,00 00 00 00 00 00 00 35 
00000440,42 02 00 00 00 00 00 00 
000002C1,08 00 00 00 00 00 00 D3 
00000260,00 00 00 00 00 00 00 6A 
000002C4,0A D4 00 1A 04 00 71 3B 
00000260,00 00 00 00 00 00 00 6A 
000003B3,0A E3 28 
000002C1,08 00 00 00 00 00 00 D3 
000002C4,0B 31 00 1A 04 00 71 99 
00000260,00 00 00 00 00 00 00 6A 
000002C4,0B 86 00 1A 04 00 71 EE 
00000260,00 00 00 00 00 00 00 6A 
000002C1,08 00 00 00 00 00 00 D3 
00000260,00 00 00 00 00 00 00 6A 
000002C4,0B B4 00 1A 04 00 71 1C 
00000442,40 02 00 00 00 00 00 00 
00000398,02 D7 
000003A0,00 00 00 00 00 00 00 35 
000004DD,1E 00 00 06 00 00 00 00 
000002C1,08 00 00 00 00 00 00 D3 
00000260,00 00 00 00 00 00 00 6A 
00000620,10 00 00 00 30 60 00 50 
000002C4,0B EF 00 1A 04 00 71 57 
00000260,00 00 00 00 00 00 00 6A 
000002C1,08 00 00 00 00 00 00 D3 
000002C4,0C 1C 00 1A 04 00 71 85 
00000610,20 00 00 64 80 00 00 00 
00000260,00 00 00 00 00 00 00 6A 
00000611,21 00 10 A0 00 04 56 89 
000002C4,0C 3D 00 1A 04 00 71 A6 
000002C1,08 00 00 00 00 00 00 D3 
00000260,00 00 00 00 00 00 00 6A 
000002C4,0C 55 00 1A 04 00 71 BE 
00000260,00 00 00 00 00 00 00 6A 
00000440,42 02 00 00 00 00 00 00 
000003A0,00 00 00 00 00 00 00 35 
000002C1,08 00 00 00 00 00 00 D3 
00000260,00 00 00 00 00 00 00 6A 
000002C4,0C 5E 00 1A 04 00 71 C7 
00000260,00 00 00 00 00 00 00 6A 
000002C1,08 00 00 00 00 00 00 D3 
000002C4,0C 60 00 1A 04 00 71 C9 
00000260,00 00 00 00 00 00 00 6A 
000002C4,0C 55 00 1A 04 00 71 BE 
000002C1,08 00 00 00 00 00 00 D3 
00000394,00 
00000260,00 00 00 00 00 00 00 6A 
00000621,11 00 00 00 00 00 00 00 
000002C4,0C 49 00 1A 04 00 71 B2 
00000442,40 02 00 00 00 00 00 00 
00000622,12 00 00 00 00 00 00 00 
00000260,00 00 00 00 00 00 00 6A 
00000630,17 00 00 00 00 00 00 00 
000002C1,08 00 00 00 00 00 00 D3 
000003A0,00 00 00 00 00 00 00 35 
00000638,13 00 18 00 00 00 00 00 
000002C4,0C 28 00 1A 04 00 71 91 
00000260,00 00 00 00 00 00 00 6A 
000002C1,08 00 00 00 00 00 00 D3 
000002C4,0C 00 00 1A 04 00 71 69 
00000260,00 00 00 00 00 00 00 6A 
00000260,00 00 00 00 00 00 00 6A 
000002C4,0B D4 00 1A 04 00 71 3C 
000002C1,08 00 00 00 00 00 00 D3 
00000260,00 00 00 00 00 00 00 6A 
000002C4,0B AC 00 1A 04 00 71 14 
00000440,42 02 00 00 00 00 00 00 
00000260,00 00 00 00 00 00 00 6A 
000002C1,08 00 00 00 00 00 00 D3 
000002C4,0B 7D 00 1A 04 00 71 E5 
000003A0,00 00 00 00 00 00 00 35 
00000260,00 00 00 00 00 00 00 6A 
00000620,10 00 00 00 30 60 00 50 
000002C1,08 00 00 00 00 00 00 D3 
000002C4,0B 52 00 1A 04 00 71 BA 
00000260,00 00 00 00 00 00 00 6A 
000002C4,0B 25 00 1A 04 00 71 8D 
00000260,00 00 00 00 00 00 00 6A 
000004C1,01 00 04 08 00 00 00 00 
000002C1,08 00 00 00 00 00 00 D3 
000002C4,0B 09 00 1A 04 00 71 71 
00000260,00 00 00 00 00 00 00 6A 
00000442,40 02 00 00 00 00 00 00 
000002C1,08 00 00 00 00 00 00 D3 
00000260,00 00 00 00 00 00 00 6A 
000002C4,0A DB 00 1A 04 00 71 42 
000003A0,00 00 00 00 00 00 00 35 
00000260,00 00 00 00 00 00 00 6A 
000002C4,0A B6 00 1A 04 00 71 1D 
000002C1,08 00 00 00 00 00 00 D3 
00000260,00 00 00 00 00 00 00 6A 
000002C4,0A 8B 00 1A 04 00 71 F2 
000002C1,08 00 00 00 00 00 00 D3 
000003B3,0A 7B 28 
00000260,00 00 00 00 00 00 00 6A 
000002C4,0A 67 00 1A 04 00 71 CE 
00000394,00 
00000260,00 00 00 00 00 00 00 6A 
000002C1,08 00 00 00 00 00 00 D3 
00000440,42 02 00 00 00 00 00 00 
000002C4,0A 49 00 1A 04 00 71 B0 
00000260,00 00 00 00 00 00 00 6A 
000003A0,00 00 00 00 00 00 00 35 
000003B1,00 00 01 01 00 00 00 00 
00000260,00 00 00 00 00 00 00 6A 
000002C4,0A 28 00 1A 04 00 71 8F 
000002C1,08 00 00 00 00 00 00 D3 
00000398,00 A9 
00000260,00 00 00 00 00 00 00 6A 
000002C4,0A 06 00 1A 04 00 71 6D 
000002C1,08 00 00 00 00 00 00 D3 
00000610,20 00 00 64 80 00 00 00 
00000260,00 00 00 00 00 00 00 6A 
000002C4,09 ED 00 1A 04 00 71 53 
00000260,00 00 00 00 00 00 00 6A 
000002C1,08 00 00 00 00 00 00 D3 
000002C4,09 C1 00 1A 04 00 71 27 
00000442,40 02 00 00 00 00 00 00 
00000260,00 00 00 00 00 00 00 6A 
000003A0,00 00 00 00 00 00 00 35 
000002C4,09 99 00 1A 04 00 71 FF 
000002C1,08 00 00 00 00 00 00 D3 
00000260,00 00 00 00 00 00 00 6A 
00000620,10 00 00 00 30 60 00 50 
000002C4,09 6D 00 1A 04 00 71 D3 
00000260,00 00 00 00 00 00 00 6A 
000004DC,1D 00 00 06 00 00 00 00 
000002C1,08 00 00 00 00 00 00 D3 
00000260,00 00 00 00 00 00 00 6A 
000002C4,09 44 00 1A 04 00 71 AA 
00000260,00 00 00 00 00 00 00 6A 
000003B0,00 00 00 45 00 
000002C1,08 00 00 00 00 00 00 D3 
000002C4,09 1D 00 1A 04 00 71 83 
00000440,42 02 00 00 00 00 00 00 
00000260,00 00 00 00 00 00 00 6A 
000002C4,08 F6 00 1A 04 00 71 5B 
000003A0,00 00 00 00 00 00 00 35 
000002C1,08 00 00 00 00 00 00 D3 
00000260,00 00 00 00 00 00 00 6A 
000002C4,08 D1 00 1A 04 00 71 36 
00000260,00 00 00 00 00 00 00 6A 
00000380,00 20 80 00 00 00 22 00 
000002C1,08 00 00 00 00 00 00 D3 
000002C4,08 BD 00 1A 04 00 71 22 
00000260,00 00 00 00 00 00 00 6A 
000004C8,09 00 05 07 00 00 00 00 
000003A1,00 00 00 00 00 00 00 00 
00000394,00 
000002C1,08 00 00 00 00 00 00 D3 
00000260,00 00 00 00 00 00 00 6A 
000002C4,08 9B 00 1A 04 00 71 00 
00000442,40 02 00 00 00 00 00 00 
00000260,00 00 00 00 00 00 00 6A 
000002C4,08 79 00 1A 04 00 71 DE 
000002C1,08 00 00 00 00 00 00 D3 
000003A0,00 00 00 00 00 00 00 35 
00000260,00 00 00 00 00 00 00 6A 
000002C4,08 51 00 1A 04 00 71 B6 
00000260,00 00 00 00 00 00 00 6A 
000002C1,08 00 00 00 00 00 00 D3 
000002C4,08 2A 00 1A 04 00 71 8F 
00000640,A8 00 00 00 00 00 00 00 
00000260,00 00 00 00 00 00 00 6A 
000002C1,08 00 00 00 00 00 00 D3 
000002C4,08 0C 00 1A 04 00 71 71 
00000260,00 00 00 00 00 00 00 6A 
00000440,42 02 00 00 00 00 00 00 
000003B4,00 00 7B 4C 00 00 00 
000002C4,07 E4 00 1A 04 00 71 48 
00000260,00 00 00 00 00 00 00 6A 
000002C1,08 00 00 00 00 00 00 D3 
000003A0,00 00 00 00 00 00 00 35 
00000260,00 00 00 00 00 00 00 6A 
000002C4,07 C1 00 1A 04 00 71 25 
00000620,10 00 00 00 30 60 00 50 
000002C1,08 00 00 00 00 00 00 D3 
00000260,00 00 00 00 00 00 00 6A 
000002C4,07 A8 00 1A 04 00 71 0C 
0000038A,08 04 00 00 00 
00000260,00 00 00 00 00 00 00 6A 
000002C1,08 00 00 00 00 00 00 D3 
000002C4,07 84 00 1A 04 00 71 E8 
000003B3,07 80 28 
00000442,40 02 00 00 00 00 00 00 
00000260,00 00 00 00 00 00 00 6A 
000002C4,07 60 00 1A 04 00 71 C4 
000002C1,08 00 00 00 00 00 00 D3 
00000260,00 00 00 00 00 00 00 6A 
000003A0,00 00 00 00 00 00 00 35 
000002C4,07 3C 00 1A 04 00 71 A0 
00000260,00 00 00 00 00 00 00 6A 
000004DD,1E 00 00 06 00 00 00 00 
000002C1,08 00 00 00 00 00 00 D3 
000002C4,07 18 00 1A 04 00 71 7C 
00000260,00 00 00 00 00 00 00 6A 
00000610,20 00 00 64 80 00 00 00 
00000260,00 00 00 00 00 00 00 6A 
000002C1,08 00 00 00 00 00 00 D3 
000002C4,06 FD 00 1A 04 00 71 60 
00000611,21 00 10 A0 00 04 56 89 
00000440,42 02 00 00 00 00 00 00 
00000394,00 
00000260,00 00 00 00 00 00 00 6A 
000002C4,06 E6 00 1A 04 00 71 49 
000002C1,08 00 00 00 00 00 00 D3 
00000260,00 00 00 00 00 00 00 6A 
000002C4,06 CD 00 1A 04 00 71 30 
000003A0,00 00 00 00 00 00 00 35 
00000260,00 00 00 00 00 00 00 6A 
000002C1,08 00 00 00 00 00 00 D3 
000002C4,06 BA 00 1A 04 00 71 1D 
00000260,00 00 00 00 00 00 00 6A 
000002C4,06 9E 00 1A 04 00 71 01 
000002C1,08 00 00 00 00 00 00 D3 
00000260,00 00 00 00 00 00 00 6A 
00000442,40 02 00 00 00 00 00 00 
00000260,00 00 00 00 00 00 00 6A 
000002C4,06 76 00 1A 04 00 71 D9 
000002C1,08 00 00 00 00 00 00 D3 
00000621,11 00 00 00 00 00 00 00 
00000260,00 00 00 00 00 00 00 6A 
00000622,12 00 00 00 00 00 00 00 
000002C4,06 50 00 1A 04 00 71 B3 
00000630,17 00 00 00 00 00 00 00 
000003A0,00 00 00 00 00 00 00 35 
00000638,13 00 18 00 00 00 00 00 
00000260,00 00 00 00 00 00 00 6A 
000002C1,08 00 00 00 00 00 00 D3 
000002C4,06 2D 00 1A 04 00 71 90 
00000620,10 00 00 00 30 60 00 50 
00000260,00 00 00 00 00 00 00 6A 
000002C4,06 09 00 1A 04 00 71 6C 
000002C1,08 00 00 00 00 00 00 D3 
00000260,00 00 00 00 00 00 00 6A 
00000440,42 02 00 00 00 00 00 00 
000004C1,01 00 04 08 00 00 00 00 
000002C4,05 E6 00 1A 04 00 71 48 
00000260,00 00 00 00 00 00 00 6A 
000002C1,08 00 00 00 00 00 00 D3 
000002C4,05 C7 00 1A 04 00 71 29 
00000260,00 00 00 00 00 00 00 6A 
00000398,00 A4 
000003A0,00 00 00 00 00 00 00 35 
000002C1,08 00 00 00 00 00 00 D3 
00000260,00 00 00 00 00 00 00 6A 
000002C4,05 AF 00 1A 04 00 71 11 
00000260,00 00 00 00 00 00 00 6A 
000002C4,05 99 00 1A 04 00 71 FB 
000002C1,08 00 00 00 00 00 00 D3 
00000442,40 02 00 00 00 00 00 00 
00000260,00 00 00 00 00 00 00 6A 
000002C4,05 86 00 1A 04 00 71 E8 
00000394,00 
00000260,00 00 00 00 00 00 00 6A 
000002C1,08 00 00 00 00 00 00 D3 
000002C4,05 7D 00 1A 04 00 71 DF 
00000260,00 00 00 00 00 00 00 6A 
000003A0,00 00 00 00 00 00 00 35 
000002C1,08 00 00 00 00 00 00 D3 
000002C4,05 6B 00 1A 04 00 71 CD 
00000260,00 00 00 00 00 00 00 6A 
000002C4,05 5E 00 1A 04 00 71 C0 
00000260,00 00 00 00 00 00 00 6A 
000002C1,08 00 00 00 00 00 00 D3 
00000440,42 02 00 00 00 00 00 00 
00000260,00 00 00 00 00 00 00 6A 
000002C4,05 52 00 1A 04 00 71 B4 
000002C1,08 00 00 00 00 00 00 D3 
00000260,00 00 00 00 00 00 00 6A 
000003B3,05 49 28 
000002C4,05 41 00 1A 04 00 71 A3 
00000260,00 00 00 00 00 00 00 6A 
000002C1,08 00 00 00 00 00 00 D3 
000002C4,05 33 00 1A 04 00 71 95 
000003A0,00 00 00 00 00 00 00 35 
000003B1,00 00 01 01 00 00 00 00 
00000260,00 00 00 00 00 00 00 6A 
00000620,10 00 00 00 30 60 00 50 
000002C4,05 21 00 1A 04 00 71 83 
000002C1,08 00 00 00 00 00 00 D3 
00000260,00 00 00 00 00 00 00 6A 
00000442,40 02 00 00 00 00 00 00 
00000610,20 00 00 64 80 00 00 00 
000002C4,05 09 00 1A 04 00 71 6B 
00000260,00 00 00 00 00 00 00 6A 
000002C1,08 00 00 00 00 00 00 D3 
00000260,00 00 00 00 00 00 00 6A 
000002C4,04 F6 00 1A 04 00 71 57 
00000260,00 00 00 00 00 00 00 6A 
000002C1,08 00 00 00 00 00 00 D3 
000002C4,04 DE 00 1A 04 00 71 3F 
000003A0,00 00 00 00 00 00 00 35 
00000260,00 00 00 00 00 00 00 6A 
000002C4,04 C7 00 1A 04 00 71 28 
000002C1,08 00 00 00 00 00 00 D3 
00000260,00 00 00 00 00 00 00 6A 
000004DC,1D 00 00 06 00 00 00 00 
00000440,42 02 00 00 00 00 00 00 
000002C4,04 AB 00 1A 04 00 71 0C 
00000260,00 00 00 00 00 00 00 6A 
000002C1,08 00 00 00 00 00 00 D3 
00000394,00 
000002C4,04 9A 00 1A 04 00 71 FB 
00000260,00 00 00 00 00 00 00 6A 
000003B0,00 00 00 45 00 
000002C1,08 00 00 00 00 00 00 D3 
000002C4,04 8E 00 1A 04 00 71 EF 
00000260,00 00 00 00 00 00 00 6A 
000003A0,00 00 00 00 00 00 00 35 
00000260,00 00 00 00 00 00 00 6A 
000002C4,04 7E 00 1A 04 00 71 DF 
000002C1,08 00 00 00 00 00 00 D3 
00000442,40 02 00 00 00 00 00 00 
00000260,00 00 00 00 00 00 00 6A 
000004C8,09 00 05 07 00 00 00 00 
00000380,00 20 80 00 00 00 22 00 
000002C4,04 6D 00 1A 04 00 71 CE 
00000260,00 00 00 00 00 00 00 6A 
000002C1,08 00 00 00 00 00 00 D3 
000002C4,04 60 00 1A 04 00 71 C1 
000003A1,00 00 00 00 00 00 00 00 
00000260,00 00 00 00 00 00 00 6A 
000002C1,08 00 00 00 00 00 00 D3 
000002C4,04 53 00 1A 04 00 71 B4 
00000260,00 00 00 00 00 00 00 6A 
000003A0,00 00 00 00 00 00 00 35 
000002C4,04 49 00 1A 04 00 71 AA 
00000260,00 00 00 00 00 00 00 6A 
000002C1,08 00 00 00 00 00 00 D3 
00000620,10 00 00 00 30 60 00 50 
00000440,42 02 00 00 00 00 00 00 
00000260,00 00 00 00 00 00 00 6A 
000002C4,04 3C 00 1A 04 00 71 9D 
000002C1,08 00 00 00 00 00 00 D3 
00000640,A8 00 00 00 00 00 00 00 
00000260,00 00 00 00 00 00 00 6A 
000002C4,04 31 00 1A 04 00 71 92 
00000260,00 00 00 00 00 00 00 6A 
000002C4,04 2C 00 1A 04 00 71 8D 
000002C1,08 00 00 00 00 00 00 D3 
00000260,00 00 00 00 00 00 00 6A 
000002C4,04 23 00 1A 04 00 71 84 
000003A0,00 00 00 00 00 00 00 35 
000003B4,00 00 7B 4C 00 00 00 
00000260,00 00 00 00 00 00 00 6A 
000002C1,08 00 00 00 00 00 00 D3 
00000442,40 02 00 00 00 00 00 00 
000002C4,04 1A 00 1A 04 00 71 7B 
00000260,00 00 00 00 00 00 00 6A 
000002C1,08 00 00 00 00 00 00 D3 
000002C4,04 0E 00 1A 04 00 71 6F 
00000260,00 00 00 00 00 00 00 6A 
00000394,00 
00000260,00 00 00 00 00 00 00 6A 
000002C4,04 05 00 1A 04 00 71 66 
000002C1,08 00 00 00 00 00 00 D3 
000003B3,04 01 28 
00000260,00 00 00 00 00 00 00 6A 
000002C4,03 F8 00 1A 04 00 71 58 
000003A0,00 00 00 00 00 00 00 35 
000002C1,08 00 00 00 00 00 00 D3 
00000260,00 00 00 00 00 00 00 6A 
00000440,42 02 00 00 00 00 00 00 
000002C4,03 EF 00 1A 04 00 71 4F 
000004DD,1E 00 00 06 00 00 00 00 
00000260,00 00 00 00 00 00 00 6A 
000002C1,08 00 00 00 00 00 00 D3 
000002C4,03 E5 00 1A 04 00 71 45 
00000610,20 00 00 64 80 00 00 00 
00000260,00 00 00 00 00 00 00 6A 
00000611,21 00 10 A0 00 04 56 89 
000002C4,03 DD 00 1A 04 00 71 3D 
000002C1,08 00 00 00 00 00 00 D3 
00000260,00 00 00 00 00 00 00 6A 
000002C4,03 CE 00 1A 04 00 71 2E 
00000260,00 00 00 00 00 00 00 6A 
0000038A,08 04 00 00 00 
000002C1,08 00 00 00 00 00 00 D3 
000003A0,00 00 00 00 00 00 00 35 
00000442,40 02 00 00 00 00 00 00 
00000260,00 00 00 00 00 00 00 6A 
000002C4,03 C4 00 1A 04 00 71 24 
00000620,10 00 00 00 30 60 00 50 
00000260,00 00 00 00 00 00 00 6A 
000002C1,08 00 00 00 00 00 00 D3 
000002C4,03 B8 00 1A 04 00 71 18 
00000260,00 00 00 00 00 00 00 6A 
000002C4,03 A9 00 1A 04 00 71 09 
000002C1,08 00 00 00 00 00 00 D3 
00000260,00 00 00 00 00 00 00 6A 
000004C1,01 00 04 08 00 00 00 00 
000002C4,03 9F 00 1A 04 00 71 FF 
00000621,11 00 00 00 00 00 00 00 
00000260,00 00 00 00 00 00 00 6A 
00000622,12 00 00 00 00 00 00 00 
000002C1,08 00 00 00 00 00 00 D3 
00000630,17 00 00 00 00 00 00 00 
000003A0,00 00 00 00 00 00 00 35 
000002C4,03 99 00 1A 04 00 71 F9 
00000440,42 02 00 00 00 00 00 00 
00000638,13 00 18 00 00 00 00 00 
00000260,00 00 00 00 00 00 00 6A 
000002C1,08 00 00 00 00 00 00 D3 
00000260,00 00 00 00 00 00 00 6A 
000002C4,03 90 00 1A 04 00 71 F0 
00000260,00 00 00 00 00 00 00 6A 
000002C4,03 8C 00 1A 04 00 71 EC 
000002C1,08 00 00 00 00 00 00 D3 
00000394,00 
00000260,00 00 00 00 00 00 00 6A 
000002C4,03 87 00 1A 04 00 71 E7 
00000260,00 00 00 00 00 00 00 6A 
000002C1,08 00 00 00 00 00 00 D3 
000002C4,03 7B 00 1A 04 00 71 DB 
000003A0,00 00 00 00 00 00 00 35 
00000442,40 02 00 00 00 00 00 00 
00000260,00 00 00 00 00 00 00 6A 
000002C1,08 00 00 00 00 00 00 D3 
000002C4,03 72 00 1A 04 00 71 D2 
00000260,00 00 00 00 00 00 00 6A 
000002C4,03 69 00 1A 04 00 71 C9 
00000260,00 00 00 00 00 00 00 6A 
000002C1,08 00 00 00 00 00 00 D3 
00000260,00 00 00 00 00 00 00 6A 
000002C4,03 64 00 1A 04 00 71 C4 
000002C1,08 00 00 00 00 00 00 D3 
00000260,00 00 00 00 00 00 00 6A 
000002C4,03 5E 00 1A 04 00 71 BE 
000003A0,00 00 00 00 00 00 00 35 
00000440,42 02 00 00 00 00 00 00 
00000260,00 00 00 00 00 00 00 6A 
000002C1,08 00 00 00 00 00 00 D3 
000002C4,03 57 00 1A 04 00 71 B7 
00000620,10 00 00 00 30 60 00 50 
00000260,00 00 00 00 00 00 00 6A 
000002C4,03 51 00 1A 04 00 71 B1 
000002C1,08 00 00 00 00 00 00 D3 
00000260,00 00 00 00 00 00 00 6A 
000002C4,03 4C 00 1A 04 00 71 AC 
00000260,00 00 00 00 00 00 00 6A 
000002C1,08 00 00 00 00 00 00 D3 
000002C4,03 48 00 1A 04 00 71 A8 
00000260,00 00 00 00 00 00 00 6A 
000003B3,03 45 28 
000003A0,00 00 00 00 00 00 00 35 
000003B1,00 00 01 01 00 00 00 00 
00000442,40 02 00 00 00 00 00 00 
00000260,00 00 00 00 00 00 00 6A 
000002C1,08 00 00 00 00 00 00 D3 
000002C4,03 42 00 1A 04 00 71 A2 
00000260,00 00 00 00 00 00 00 6A 
000002C4,03 3A 00 1A 04 00 71 9A 
000002C1,08 00 00 00 00 00 00 D3 
00000610,20 00 00 64 80 00 00 00 
00000260,00 00 00 00 00 00 00 6A 
000002C4,03 34 00 1A 04 00 71 94 
00000394,00 
00000260,00 00 00 00 00 00 00 6A 
000002C1,08 00 00 00 00 00 00 D3 
000002C4,03 2F 00 1A 04 00 71 8F 
00000260,00 00 00 00 00 00 00 6A 
000003A0,00 00 00 00 00 00 00 35 
00000440,42 02 00 00 00 00 00 00 
000002C4,03 28 00 1A 04 00 71 88 
000002C1,08 00 00 00 00 00 00 D3 
00000260,00 00 00 00 00 00 00 6A 
00000260,00 00 00 00 00 00 00 6A 
000002C4,03 24 00 1A 04 00 71 84 
000004DC,1D 00 00 06 00 00 00 00 
000002C1,08 00 00 00 00 00 00 D3 
00000260,00 00 00 00 00 00 00 6A 
000002C4,03 1F 00 1A 04 00 71 7F 
00000260,00 00 00 00 00 00 00 6A 
000002C1,08 00 00 00 00 00 00 D3 
000003B0,00 00 00 45 00 
000002C4,03 1B 00 1A 04 00 71 7B 
00000260,00 00 00 00 00 00 00 6A 
00000442,40 02 00 00 00 00 00 00 
000002C4,03 15 00 1A 04 00 71 75 
000003A0,00 00 00 00 00 00 00 35 
000002C1,08 00 00 00 00 00 00 D3 
00000260,00 00 00 00 00 00 00 6A 
000004C8,09 00 05 07 00 00 00 00 
00000620,10 00 00 00 30 60 00 50 
000002C4,03 11 00 1A 04 00 71 71 
00000260,00 00 00 00 00 00 00 6A 
00000380,00 20 80 00 00 00 22 00 
000002C1,08 00 00 00 00 00 00 D3 
000002C4,03 0D 00 1A 04 00 71 6D 
00000260,00 00 00 00 00 00 00 6A 
000003A1,00 00 00 00 00 00 00 00 
000002C1,08 00 00 00 00 00 00 D3 
00000260,00 00 00 00 00 00 00 6A 
000002C4,03 09 00 1A 04 00 71 69 
00000260,00 00 00 00 00 00 00 6A 
00000440,42 02 00 00 00 00 00 00 
000002C4,03 04 00 1A 04 00 71 64 
000002C1,08 00 00 00 00 00 00 D3 
000003A0,00 00 00 00 00 00 00 35 
00000398,01 1E 
00000260,00 00 00 00 00 00 00 6A 
000002C4,03 04 00 1A 04 00 71 64 
00000260,00 00 00 00 00 00 00 6A 
000002C1,08 00 00 00 00 00 00 D3 
000002C4,03 02 00 1A 04 00 71 62 
00000640,A8 00 00 00 00 00 00 00 
00000260,00 00 00 00 00 00 00 6A 
000002C1,08 00 00 00 00 00 00 D3 
00000394,00 
000002C4,03 01 00 1A 04 00 71 61 
00000260,00 00 00 00 00 00 00 6A 
00000442,40 02 00 00 00 00 00 00 
00000260,00 00 00 00 00 00 00 6A 
000002C4,03 00 00 1A 04 00 71 60 
000002C1,08 00 00 00 00 00 00 D3 
000003A0,00 00 00 00 00 00 00 35 
00000260,00 00 00 00 00 00 00 6A 
000002C4,03 01 00 1A 04 00 71 61 
000002C1,08 00 00 00 00 00 00 D3 
000003B4,00 00 7B 4C 00 00 00 
00000260,00 00 00 00 00 00 00 6A 
000002C4,03 02 00 1A 04 00 71 62 
00000260,00 00 00 00 00 00 00 6A 
000002C1,08 00 00 00 00 00 00 D3 
000002C4,03 02 00 1A 04 00 71 62 
00000260,00 00 00 00 00 00 00 6A 
000002C4,03 03 00 1A 04 00 71 63 
00000440,42 02 00 00 00 00 00 00 
000002C1,08 00 00 00 00 00 00 D3 
00000260,00 00 00 00 00 00 00 6A 
000003A0,00 00 00 00 00 00 00 35 
000002C4,03 02 00 1A 04 00 71 62 
00000260,00 00 00 00 00 00 00 6A 
000003B3,03 03 28 
000002C1,08 00 00 00 00 00 00 D3 
00000620,10 00 00 00 30 60 00 50 
00000260,00 00 00 00 00 00 00 6A 
000004DD,1E 00 00 06 00 00 00 00 
000002C4,03 03 00 1A 04 00 71 63 
00000610,20 00 00 64 80 00 00 00 
00000260,00 00 00 00 00 00 00 6A 
000002C1,08 00 00 00 00 00 00 D3 
000002C4,03 05 00 1A 04 00 71 65 
00000611,21 00 10 A0 00 04 56 89 
00000260,00 00 00 00 00 00 00 6A 
00000442,40 02 00 00 00 00 00 00 
000002C4,03 07 00 1A 04 00 71 67 
000004C1,01 00 04 08 00 00 00 00 
000002C1,08 00 00 00 00 00 00 D3 
00000260,00 00 00 00 00 00 00 6A 
000002C4,03 07 00 1A 04 00 71 67 
000003A0,00 00 00 00 00 00 00 35 
00000260,00 00 00 00 00 00 00 6A 
000002C1,08 00 00 00 00 00 00 D3 
000002C4,03 06 00 1A 04 00 71 66 
00000260,00 00 00 00 00 00 00 6A 
000002C1,08 00 00 00 00 00 00 D3 
000002C4,03 09 00 1A 04 00 71 69 
00000260,00 00 00 00 00 00 00 6A 
00000394,00 
00000260,00 00 00 00 00 00 00 6A 
000002C4,03 0C 00 1A 04 00 71 6C 
00000440,42 02 00 00 00 00 00 00 
000002C1,08 00 00 00 00 00 00 D3 
00000260,00 00 00 00 00 00 00 6A 
00000621,11 00 00 00 00 00 00 00 
000002C4,03 0D 00 1A 04 00 71 6D 
00000622,12 00 00 00 00 00 00 00 
000003A0,00 00 00 00 00 00 00 35 
00000630,17 00 00 00 00 00 00 00 
00000260,00 00 00 00 00 00 00 6A 
000002C1,08 00 00 00 00 00 00 D3 
00000638,13 00 18 00 00 00 00 00 
000002C4,03 0E 00 1A 04 00 71 6E 
00000260,00 00 00 00 00 00 00 6A 
000002C1,08 00 00 00 00 00 00 D3 
000002C4,03 0F 00 1A 04 00 71 6F 
0000038A,08 04 00 00 00 
00000260,00 00 00 00 00 00 00 6A 
000002C4,03 11 00 1A 04 00 71 71 
00000442,40 02 00 00 00 00 00 00 
00000260,00 00 00 00 00 00 00 6A 
000002C1,08 00 00 00 00 00 00 D3 
00000260,00 00 00 00 00 00 00 6A 
000002C4,03 13 00 1A 04 00 71 73 
000003A0,00 00 00 00 00 00 00 35 
000002C1,08 00 00 00 00 00 00 D3 
00000260,00 00 00 00 00 00 00 6A 
000002C4,03 19 00 1A 04 00 71 79 
00000620,10 00 00 00 30 60 00 50 
00000260,00 00 00 00 00 00 00 6A 
000002C4,03 21 00 1A 04 00 71 81 
000002C1,08 00 00 00 00 00 00 D3 
00000260,00 00 00 00 00 00 00 6A 
000002C4,03 25 00 1A 04 00 71 85 
00000440,42 02 00 00 00 00 00 00 
00000260,00 00 00 00 00 00 00 6A 
000002C1,08 00 00 00 00 00 00 D3 
000002C4,03 27 00 1A 04 00 71 87 
00000260,00 00 00 00 00 00 00 6A 
000002C1,08 00 00 00 00 00 00 D3 
000003A0,00 00 00 00 00 00 00 35 
000002C4,03 2A 00 1A 04 00 71 8A 
00000260,00 00 00 00 00 00 00 6A 
00000260,00 00 00 00 00 00 00 6A 
000002C4,03 2D 00 1A 04 00 71 8D 
000002C1,08 00 00 00 00 00 00 D3 
00000260,00 00 00 00 00 00 00 6A 
000002C4,03 32 00 1A 04 00 71 92 
00000442,40 02 00 00 00 00 00 00 
00000394,00 
000002C1,08 00 00 00 00 00 00 D3 
00000260,00 00 00 00 00 00 00 6A 
000002C4,03 36 00 1A 04 00 71 96 
00000260,00 00 00 00 00 00 00 6A 
000002C1,08 00 00 00 00 00 00 D3 
000002C4,03 3B 00 1A 04 00 71 9B 
000003A0,00 00 00 00 00 00 00 35 
000003B1,00 00 01 01 00 00 00 00 
00000260,00 00 00 00 00 00 00 6A 
000003B3,03 3D 28 
000002C4,03 40 00 1A 04 00 71 A0 
000002C1,08 00 00 00 00 00 00 D3 
00000260,00 00 00 00 00 00 00 6A 
00000610,20 00 00 64 80 00 00 00 
000002C4,03 44 00 1A 04 00 71 A4 
00000260,00 00 00 00 00 00 00 6A 
00000440,42 02 00 00 00 00 00 00 
000002C1,08 00 00 00 00 00 00 D3 
00000260,00 00 00 00 00 00 00 6A 
000002C4,03 45 00 1A 04 00 71 A5 
00000260,00 00 00 00 00 00 00 6A 
000002C1,08 00 00 00 00 00 00 D3 
000002C4,03 4A 00 1A 04 00 71 AA 
000003A0,00 00 00 00 00 00 00 35 
00000260,00 00 00 00 00 00 00 6A 
000002C4,03 50 00 1A 04 00 71 B0 
000002C1,08 00 00 00 00 00 00 D3 
00000620,10 00 00 00 30 60 00 50 
00000260,00 00 00 00 00 00 00 6A 
000004DC,1D 00 00 06 00 00 00 00 
000002C4,03 53 00 1A 04 00 71 B3 
00000442,40 02 00 00 00 00 00 00 
00000260,00 00 00 00 00 00 00 6A 
000002C1,08 00 00 00 00 00 00 D3 
000002C4,03 56 00 1A 04 00 71 B6 
00000260,00 00 00 00 00 00 00 6A 
000003B0,00 00 00 45 00 
000002C1,08 00 00 00 00 00 00 D3 
00000260,00 00 00 00 00 00 00 6A 
000004C8,09 00 05 07 00 00 00 00 
000002C4,03 59 00 1A 04 00 71 B9 
000003A0,00 00 00 00 00 00 00 35 
00000260,00 00 00 00 00 00 00 6A 
000002C4,03 5F 00 1A 04 00 71 BF 
000002C1,08 00 00 00 00 00 00 D3 
00000260,00 00 00 00 00 00 00 6A 
00000380,00 20 80 00 00 00 22 00 
000002C4,03 64 00 1A 04 00 71 C4 
00000440,42 02 00 00 00 00 00 00 
00000260,00 00 00 00 00 00 00 6A 
000002C1,08 00 00 00 00 00 00 D3 
000002C4,03 66 00 1A 04 00 71 C6 
00000394,00 
000003A1,00 00 00 00 00 00 00 00 
00000260,00 00 00 00 00 00 00 6A 
000002C1,08 00 00 00 00 00 00 D3 
000002C4,03 6B 00 1A 04 00 71 CB 
00000260,00 00 00 00 00 00 00 6A 
000003A0,00 00 00 00 00 00 00 35 
000002C4,03 6E 00 1A 04 00 71 CE 
00000260,00 00 00 00 00 00 00 6A 
000002C1,08 00 00 00 00 00 00 D3 
00000260,00 00 00 00 00 00 00 6A 
000002C4,03 70 00 1A 04 00 71 D0 
00000442,40 02 00 00 00 00 00 00 
000002C1,08 00 00 00 00 00 00 D3 
00000640,A8 00 00 00 00 00 00 00 
00000260,00 00 00 00 00 00 00 6A 
000002C4,03 74 00 1A 04 00 71 D4 
00000260,00 00 00 00 00 00 00 6A 
000002C1,08 00 00 00 00 00 00 D3 
000002C4,03 79 00 1A 04 00 71 D9 
00000260,00 00 00 00 00 00 00 6A 
000002C4,03 7D 00 1A 04 00 71 DD 
000003A0,00 00 00 00 00 00 00 35 
00000260,00 00 00 00 00 00 00 6A 
000002C1,08 00 00 00 00 00 00 D3 
000002C4,03 80 00 1A 04 00 71 E0 
00000620,10 00 00 00 30 60 00 50 
00000260,00 00 00 00 00 00 00 6A 
00000440,42 02 00 00 00 00 00 00 
000002C1,08 00 00 00 00 00 00 D3 
00000260,00 00 00 00 00 00 00 6A 
000002C4,03 83 00 1A 04 00 71 E3 
000003B4,00 00 7B 4C 00 00 00 
00000260,00 00 00 00 00 00 00 6A 
000002C1,08 00 00 00 00 00 00 D3 
000002C4,03 87 00 1A 04 00 71 E7 
00000260,00 00 00 00 00 00 00 6A 
000004C1,01 00 04 08 00 00 00 00 
000002C4,03 8D 00 1A 04 00 71 ED 
000003A0,00 00 00 00 00 00 00 35 
000002C1,08 00 00 00 00 00 00 D3 
00000260,00 00 00 00 00 00 00 6A 
000002C4,03 90 00 1A 04 00 71 F0 
00000442,40 02 00 00 00 00 00 00 
00000260,00 00 00 00 00 00 00 6A 
000003B3,03 91 28 
000002C1,08 00 00 00 00 00 00 D3 
000004DD,1E 00 00 06 00 00 00 00 
000002C4,03 95 00 1A 04 00 71 F5 
00000610,20 00 00 64 80 00 00 00 
00000260,00 00 00 00 00 00 00 6A 
00000611,21 00 10 A0 00 04 56 89 
00000394,00 
000002C4,03 96 00 1A 04 00 71 F6 
000002C1,08 00 00 00 00 00 00 D3 
00000260,00 00 00 00 00 00 00 6A 
00000260,00 00 00 00 00 00 00 6A 
000002C4,03 98 00 1A 04 00 71 F8 
000002C1,08 00 00 00 00 00 00 D3 
000003A0,00 00 00 00 00 00 00 35 
00000260,00 00 00 00 00 00 00 6A 
000002C4,03 9A 00 1A 04 00 71 FA 
00000440,42 02 00 00 00 00 00 00 
00000260,00 00 00 00 00 00 00 6A 
000002C1,08 00 00 00 00 00 00 D3 
000002C4,03 9E 00 1A 04 00 71 FE 
00000260,00 00 00 00 00 00 00 6A 
000002C4,03 9F 00 1A 04 00 71 FF 
000002C1,08 00 00 00 00 00 00 D3 
00000260,00 00 00 00 00 00 00 6A 
000002C4,03 A2 00 1A 04 00 71 02 
00000260,00 00 00 00 00 00 00 6A 
00000621,11 00 00 00 00 00 00 00 
000002C1,08 00 00 00 00 00 00 D3 
00000622,12 00 00 00 00 00 00 00 
000003A0,00 00 00 00 00 00 00 35 
00000630,17 00 00 00 00 00 00 00 
000002C4,03 A7 00 1A 04 00 71 07 
00000260,00 00 00 00 00 00 00 6A 
00000638,13 00 18 00 00 00 00 00 
000002C1,08 00 00 00 00 00 00 D3 
00000442,40 02 00 00 00 00 00 00 
00000620,10 00 00 00 30 60 00 50 
00000260,00 00 00 00 00 00 00 6A 
000002C4,03 AA 00 1A 04 00 71 0A 
00000260,00 00 00 00 00 00 00 6A 
000002C4,03 AB 00 1A 04 00 71 0B 
000002C1,08 00 00 00 00 00 00 D3 
00000260,00 00 00 00 00 00 00 6A 
000002C4,03 AB 00 1A 04 00 71 0B 
00000260,00 00 00 00 00 00 00 6A 
000002C1,08 00 00 00 00 00 00 D3 
000002C4,03 AE 00 1A 04 00 71 0E 
000003A0,00 00 00 00 00 00 00 35 
00000260,00 00 00 00 00 00 00 6A 
000002C1,08 00 00 00 00 00 00 D3 
00000440,42 02 00 00 00 00 00 00 
000002C4,03 AF 00 1A 04 00 71 0F 
00000260,00 00 00 00 00 00 00 6A 
00000260,00 00 00 00 00 00 00 6A 
000002C4,03 B0 00 1A 04 00 71 10 
000002C1,08 00 00 00 00 00 00 D3 
00000394,00 
00000260,00 00 00 00 00 00 00 6A 
000002C4,03 B1 00 1A 04 00 71 11 
000002C1,08 00 00 00 00 00 00 D3 
00000260,00 00 00 00 00 00 00 6A 
000002C4,03 B1 00 1A 04 00 71 11 
0000038A,08 04 00 00 00 
000003A0,00 00 00 00 00 00 00 35 
00000260,00 00 00 00 00 00 00 6A 
000002C1,08 00 00 00 00 00 00 D3 
00000442,40 02 00 00 00 00 00 00 
000002C4,03 B1 00 1A 04 00 71 11 
00000260,00 00 00 00 00 00 00 6A 
000002C4,03 B2 00 1A 04 00 71 12 
00000260,00 00 00 00 00 00 00 6A 
000002C1,08 00 00 00 00 00 00 D3 
000002C4,03 B3 00 1A 04 00 71 13 
00000260,00 00 00 00 00 00 00 6A 
000002C1,08 00 00 00 00 00 00 D3 
00000260,00 00 00 00 00 00 00 6A 
000002C4,03 B0 00 1A 04 00 71 10 
000003A0,00 00 00 00 00 00 00 35 
000003B1,00 00 01 01 00 00 00 00 
